timestamp,project_name,run_id,experiment_id,duration,emissions,emissions_rate,cpu_power,gpu_power,ram_power,cpu_energy,gpu_energy,ram_energy,energy_consumed,water_consumed,country_name,country_iso_code,region,cloud_provider,cloud_region,os,python_version,codecarbon_version,cpu_count,cpu_model,gpu_count,gpu_model,longitude,latitude,ram_total_size,tracking_mode,cpu_utilization_percent,gpu_utilization_percent,ram_utilization_percent,ram_used_gb,on_cloud,pue,wue
2026-04-20T05:53:27,self_healing_compiler,be99ef16-68c3-46ed-bddb-2f212514eead,5b0fa12a-3dd7-45bb-9766-cc326314d9f1,10.043208207999996,9.055567656780134e-05,9.016608507196784e-06,42.5,0.0,3.0,0.0001185604304687,0.0,8.367621840833339e-06,0.0001269280523095,0.0,India,IND,maharashtra,,,macOS-26.3.1-arm64-arm-64bit,3.9.6,3.2.3,8,Apple M2,,,72.8856,19.0748,8.0,machine,13.78,0,81.41,2.847186279296875,N,1.0,0.0
2026-04-20T07:46:43,self_healing_compiler,c3f5f783-9689-4c6d-941f-2610e39777c4,5b0fa12a-3dd7-45bb-9766-cc326314d9f1,0.3228220830205828,2.910238620273256e-06,9.01499238541157e-06,42.5,0.0,3.0,3.810292733315793e-06,0.0,2.688653474130357e-07,4.079158080728828e-06,0.0,India,IND,maharashtra,,,macOS-26.3.1-arm64-arm-64bit-Mach-O,3.14.2,3.2.6,8,Apple M2,0.0,,72.8856,19.0748,8.0,machine,0.0,0,0.0,0.0,N,1.0,0.0
2026-04-20T07:46:44,self_healing_compiler,8087a9e1-a20c-4211-8519-d08d429a39c6,5b0fa12a-3dd7-45bb-9766-cc326314d9f1,0.3085490830708295,2.781724047006111e-06,9.015499314796369e-06,42.5,0.0,3.0,3.6420109372961128e-06,0.0,2.570137150663262e-07,3.899024652362439e-06,0.0,India,IND,maharashtra,,,macOS-26.3.1-arm64-arm-64bit-Mach-O,3.14.2,3.2.6,8,Apple M2,0.0,,72.8856,19.0748,8.0,machine,0.0,0,0.0,0.0,N,1.0,0.0
2026-04-20T07:46:45,self_healing_compiler,778953be-65c4-43ff-848f-066eb83ee91f,5b0fa12a-3dd7-45bb-9766-cc326314d9f1,0.3021966249216348,2.7245121297058387e-06,9.015693442679432e-06,42.5,0.0,3.0,3.5671346961559423e-06,0.0,2.516984374960885e-07,3.818833133652031e-06,0.0,India,IND,maharashtra,,,macOS-26.3.1-arm64-arm-64bit-Mach-O,3.14.2,3.2.6,8,Apple M2,0.0,,72.8856,19.0748,8.0,machine,0.0,0,0.0,0.0,N,1.0,0.0
2026-04-20T07:46:46,self_healing_compiler,acafc06a-6ecb-44f0-ae10-451fed2f73be,5b0fa12a-3dd7-45bb-9766-cc326314d9f1,0.2919544579926878,2.6321403533273006e-06,9.015585415014366e-06,42.5,0.0,3.0,3.4461523436928274e-06,0.0,2.43207187547038e-07,3.689359531239866e-06,0.0,India,IND,maharashtra,,,macOS-26.3.1-arm64-arm-64bit-Mach-O,3.14.2,3.2.6,8,Apple M2,0.0,,72.8856,19.0748,8.0,machine,0.0,0,0.0,0.0,N,1.0,0.0
2026-04-20T07:46:46,self_healing_compiler,1868e358-5fc6-4592-a7a8-128c3e7fa046,5b0fa12a-3dd7-45bb-9766-cc326314d9f1,0.2924812498968094,2.6368969409054105e-06,9.015610203511288e-06,42.5,0.0,3.0,3.452417645086017e-06,0.0,2.4360899328409384e-07,3.696026638370111e-06,0.0,India,IND,maharashtra,,,macOS-26.3.1-arm64-arm-64bit-Mach-O,3.14.2,3.2.6,8,Apple M2,0.0,,72.8856,19.0748,8.0,machine,0.0,0,0.0,0.0,N,1.0,0.0
2026-04-20T07:46:47,self_healing_compiler,35e19550-2ee1-4fdd-81b5-dd6c031db95d,5b0fa12a-3dd7-45bb-9766-cc326314d9f1,0.3043426249641925,2.743887075795988e-06,9.01578303768268e-06,42.5,0.0,3.0,3.592468924115464e-06,0.0,2.535212499788031e-07,3.845990174094267e-06,0.0,India,IND,maharashtra,,,macOS-26.3.1-arm64-arm-64bit-Mach-O,3.14.2,3.2.6,8,Apple M2,0.0,,72.8856,19.0748,8.0,machine,0.0,0,0.0,0.0,N,1.0,0.0
2026-04-20T07:46:48,self_healing_compiler,f3243609-32b4-4b5e-9a70-1339bb2508e7,5b0fa12a-3dd7-45bb-9766-cc326314d9f1,0.430576124927029,3.882163016107387e-06,9.01620594213232e-06,42.5,0.0,3.0,5.082743227992777e-06,0.0,3.587200690526515e-07,5.4414632970454286e-06,0.0,India,IND,maharashtra,,,macOS-26.3.1-arm64-arm-64bit-Mach-O,3.14.2,3.2.6,8,Apple M2,0.0,,72.8856,19.0748,8.0,machine,0.0,0,0.0,0.0,N,1.0,0.0
2026-04-20T07:46:49,self_healing_compiler,6ceecc72-a301-44ac-8f3d-4c0f3c111b82,5b0fa12a-3dd7-45bb-9766-cc326314d9f1,0.3208673340268433,2.8928904939188935e-06,9.015846074492826e-06,42.5,0.0,3.0,3.787572954186342e-06,0.0,2.6726899338730924e-07,4.054841947573652e-06,0.0,India,IND,maharashtra,,,macOS-26.3.1-arm64-arm-64bit-Mach-O,3.14.2,3.2.6,8,Apple M2,0.0,,72.8856,19.0748,8.0,machine,0.0,0,0.0,0.0,N,1.0,0.0
2026-04-20T07:46:50,self_healing_compiler,a31eda8a-857b-4837-8e6e-356a694bd63b,5b0fa12a-3dd7-45bb-9766-cc326314d9f1,0.300332167185843,2.707693981095386e-06,9.01566424424956e-06,42.5,0.0,3.0,3.545064708547822e-06,0.0,2.501951392817622e-07,3.795259847829584e-06,0.0,India,IND,maharashtra,,,macOS-26.3.1-arm64-arm-64bit-Mach-O,3.14.2,3.2.6,8,Apple M2,0.0,,72.8856,19.0748,8.0,machine,0.0,0,0.0,0.0,N,1.0,0.0
2026-04-20T07:46:50,self_healing_compiler,407b4ccd-1269-4b97-b725-7d8566677a90,5b0fa12a-3dd7-45bb-9766-cc326314d9f1,7.20496758306399,6.496587772563219e-05,9.016817491079502e-06,42.5,0.0,3.0,8.50564079396362e-05,0.0,6.003508333233185e-06,9.105991627286936e-05,0.0,India,IND,maharashtra,,,macOS-26.3.1-arm64-arm-64bit-Mach-O,3.14.2,3.2.6,8,Apple M2,0.0,,72.8856,19.0748,8.0,machine,2.371428571428571,0,81.45714285714287,2.8267429896763394,N,1.0,0.0
2026-04-20T10:02:07,self_healing_compiler,65a1fe14-6f40-4fc4-af7b-5d56d412b5e5,5b0fa12a-3dd7-45bb-9766-cc326314d9f1,0.3339824581053108,3.01090624656522e-06,9.015162843121018e-06,42.5,0.0,3.0,3.9420383051037785e-06,0.0,2.7822131911913553e-07,4.220259624222914e-06,0.0,India,IND,maharashtra,,,macOS-26.3.1-arm64-arm-64bit-Mach-O,3.14.2,3.2.6,8,Apple M2,0.0,,72.8856,19.0748,8.0,machine,0.0,0,0.0,0.0,N,1.0,0.0
2026-04-20T10:02:10,self_healing_compiler,2b1f94d4-42d5-4c07-acc9-7a331f1fd262,5b0fa12a-3dd7-45bb-9766-cc326314d9f1,0.3315897081047296,1.6152147620473725e-08,4.8711245330244727e-08,42.5,0.0,3.0,3.83184279699991e-06,0.0,2.704409725265577e-07,4.102283769526468e-06,0.0,Canada,CAN,quebec,,,macOS-26.3.1-arm64-arm-64bit-Mach-O,3.14.2,3.2.6,8,Apple M2,0.0,,-71.2,46.8,8.0,machine,0.0,0,0.0,0.0,N,1.0,0.0
2026-04-20T10:02:11,self_healing_compiler,1e6d4a72-b09e-4201-9e2f-5d76de501ec2,5b0fa12a-3dd7-45bb-9766-cc326314d9f1,0.3056461669038981,2.7555760822025258e-06,9.015575461376352e-06,42.5,0.0,3.0,3.6078004087256783e-06,0.0,2.545737500380104e-07,3.862374158763689e-06,0.0,India,IND,maharashtra,,,macOS-26.3.1-arm64-arm-64bit-Mach-O,3.14.2,3.2.6,8,Apple M2,0.0,,72.8856,19.0748,8.0,machine,0.0,0,0.0,0.0,N,1.0,0.0
2026-04-20T10:02:13,self_healing_compiler,945bbdc3-9c1f-4512-b633-5b9fa1e3cce7,5b0fa12a-3dd7-45bb-9766-cc326314d9f1,0.3107549578417092,2.801649133569088e-06,9.015621675121197e-06,42.5,0.0,3.0,3.668133183156089e-06,0.0,2.588196182235455e-07,3.926952801379634e-06,0.0,India,IND,maharashtra,,,macOS-26.3.1-arm64-arm-64bit-Mach-O,3.14.2,3.2.6,8,Apple M2,0.0,,72.8826,19.0728,8.0,machine,0.0,0,0.0,0.0,N,1.0,0.0
2026-04-20T10:02:15,self_healing_compiler,99b67de3-c40e-4ad6-8b4f-5c324dbeed7f,5b0fa12a-3dd7-45bb-9766-cc326314d9f1,0.3077238341793418,1.5309785409199443e-08,4.9751704966333176e-08,42.5,0.0,3.0,3.6320519724136432e-06,0.0,2.5629066008453573e-07,3.888342632498179e-06,0.0,Canada,CAN,quebec,,,macOS-26.3.1-arm64-arm-64bit-Mach-O,3.14.2,3.2.6,8,Apple M2,0.0,,-71.2,46.8,8.0,machine,0.0,0,0.0,0.0,N,1.0,0.0
2026-04-20T10:02:18,self_healing_compiler,40cc1255-ff71-49b1-8994-9ac8100e5b64,5b0fa12a-3dd7-45bb-9766-cc326314d9f1,0.3194402500521391,2.8800205568968702e-06,9.015834906298729e-06,42.5,0.0,3.0,3.770699369164908e-06,0.0,2.6610333336672434e-07,4.0368027025316325e-06,0.0,India,IND,maharashtra,,,macOS-26.3.1-arm64-arm-64bit-Mach-O,3.14.2,3.2.6,8,Apple M2,0.0,,72.8826,19.0728,8.0,machine,0.0,0,0.0,0.0,N,1.0,0.0
2026-04-20T10:02:20,self_healing_compiler,fa6ef6ce-3b41-496c-b4ba-802749571b46,5b0fa12a-3dd7-45bb-9766-cc326314d9f1,0.4401788748800754,3.968753090079575e-06,9.01622798495462e-06,42.5,0.0,3.0,5.196108036519339e-06,0.0,3.667248958178486e-07,5.562832932337188e-06,0.0,India,IND,maharashtra,,,macOS-26.3.1-arm64-arm-64bit-Mach-O,3.14.2,3.2.6,8,Apple M2,0.0,,72.8826,19.0728,8.0,machine,0.0,0,0.0,0.0,N,1.0,0.0
2026-04-20T10:02:21,self_healing_compiler,c1bdeec2-b3f0-473d-be14-0774d2ce8737,5b0fa12a-3dd7-45bb-9766-cc326314d9f1,0.3188500418327749,2.8746691408537335e-06,9.015740202917685e-06,42.5,0.0,3.0,3.763714904683487e-06,0.0,2.6558694487903265e-07,4.02930184956252e-06,0.0,India,IND,maharashtra,,,macOS-26.3.1-arm64-arm-64bit-Mach-O,3.14.2,3.2.6,8,Apple M2,0.0,,72.8856,19.0748,8.0,machine,0.0,0,0.0,0.0,N,1.0,0.0
2026-04-20T10:02:23,self_healing_compiler,1af0f344-a9d3-4a2a-850f-afdfba844803,5b0fa12a-3dd7-45bb-9766-cc326314d9f1,0.3120448340196162,2.81324905523905e-06,9.01552837456107e-06,42.5,0.0,3.0,3.683307266490172e-06,0.0,2.599046532607948e-07,3.943211919750967e-06,0.0,India,IND,maharashtra,,,macOS-26.3.1-arm64-arm-64bit-Mach-O,3.14.2,3.2.6,8,Apple M2,0.0,,72.8856,19.0748,8.0,machine,0.0,0,0.0,0.0,N,1.0,0.0
2026-04-20T10:02:23,self_healing_compiler,3e00ae63-ad39-4820-86a2-2cc8f2e98389,5b0fa12a-3dd7-45bb-9766-cc326314d9f1,16.464279209030792,0.0001484509544663,9.016547434701313e-06,42.5,0.0,3.0,0.0001943615701259,0.0,1.3715838470379824e-05,0.0002080774085963,0.0,India,IND,maharashtra,,,macOS-26.3.1-arm64-arm-64bit-Mach-O,3.14.2,3.2.6,8,Apple M2,0.0,,72.8856,19.0748,8.0,machine,5.35625,0,79.44375,3.060382843017578,N,1.0,0.0
2026-04-20T10:10:22,self_healing_compiler,30166c1a-f6f7-4c12-b11b-a042ade8097f,5b0fa12a-3dd7-45bb-9766-cc326314d9f1,0.334048334043473,3.011575466863102e-06,9.015388373321974e-06,42.5,0.0,3.0,3.942919308610726e-06,0.0,2.782783333289748e-07,4.221197641939701e-06,0.0,India,IND,maharashtra,,,macOS-26.3.1-arm64-arm-64bit-Mach-O,3.14.2,3.2.6,8,Apple M2,0.0,,72.8856,19.0748,8.0,machine,0.0,0,0.0,0.0,N,1.0,0.0
2026-04-20T10:10:23,self_healing_compiler,12dbf5e9-bcc0-4e6c-8730-7f33a5d4a308,5b0fa12a-3dd7-45bb-9766-cc326314d9f1,0.3328384170308709,3.000765459152948e-06,9.015682402054646e-06,42.5,0.0,3.0,3.928766406736233e-06,0.0,2.772793057374656e-07,4.206045712473699e-06,0.0,India,IND,maharashtra,,,macOS-26.3.1-arm64-arm-64bit-Mach-O,3.14.2,3.2.6,8,Apple M2,0.0,,72.8856,19.0748,8.0,machine,0.0,0,0.0,0.0,N,1.0,0.0
2026-04-20T10:10:25,self_healing_compiler,d115fafe-0f08-4db2-ae14-bd33891c2d7f,5b0fa12a-3dd7-45bb-9766-cc326314d9f1,0.3097313751932233,2.7924617635175823e-06,9.015753608350227e-06,42.5,0.0,3.0,3.6560954626313312e-06,0.0,2.579797916890432e-07,3.914075254320375e-06,0.0,India,IND,maharashtra,,,macOS-26.3.1-arm64-arm-64bit-Mach-O,3.14.2,3.2.6,8,Apple M2,0.0,,72.8856,19.0748,8.0,machine,0.0,0,0.0,0.0,N,1.0,0.0
2026-04-20T10:10:27,self_healing_compiler,1eff0a83-bbdc-490a-a312-2fb5e7be112f,5b0fa12a-3dd7-45bb-9766-cc326314d9f1,0.3653485828544944,1.7964753004362908e-08,4.9171541501551794e-08,42.5,0.0,3.0,4.261854735604074e-06,0.0,3.007902082754299e-07,4.562644943879504e-06,0.0,Canada,CAN,quebec,,,macOS-26.3.1-arm64-arm-64bit-Mach-O,3.14.2,3.2.6,8,Apple M2,0.0,,-71.2,46.8,8.0,machine,0.0,0,0.0,0.0,N,1.0,0.0
2026-04-20T10:10:28,self_healing_compiler,270b3cfb-f146-4dae-ad5e-fe3b4b4be70c,5b0fa12a-3dd7-45bb-9766-cc326314d9f1,0.3294117918703705,2.9698130365551058e-06,9.01550311751979e-06,42.5,0.0,3.0,3.888278757383685e-06,0.0,2.743822567087288e-07,4.162661014092414e-06,0.0,India,IND,maharashtra,,,macOS-26.3.1-arm64-arm-64bit-Mach-O,3.14.2,3.2.6,8,Apple M2,0.0,,72.8856,19.0748,8.0,machine,0.0,0,0.0,0.0,N,1.0,0.0
2026-04-20T10:10:30,self_healing_compiler,baf2fc0a-92b7-4e48-ab76-8e45e5e294c7,5b0fa12a-3dd7-45bb-9766-cc326314d9f1,0.3194027079734951,2.879639681221017e-06,9.015702150715569e-06,42.5,0.0,3.0,3.770241901090938e-06,0.0,2.660269441548735e-07,4.036268845245812e-06,0.0,India,IND,maharashtra,,,macOS-26.3.1-arm64-arm-64bit-Mach-O,3.14.2,3.2.6,8,Apple M2,0.0,,72.8856,19.0748,8.0,machine,0.0,0,0.0,0.0,N,1.0,0.0
2026-04-20T10:10:31,self_healing_compiler,a928cdff-8057-4537-8383-58426520295c,5b0fa12a-3dd7-45bb-9766-cc326314d9f1,0.4269083328545093,3.8491034919012034e-06,9.016229470538304e-06,42.5,0.0,3.0,5.039451761210027e-06,0.0,3.556734024702261e-07,5.395125163680253e-06,0.0,India,IND,maharashtra,,,macOS-26.3.1-arm64-arm-64bit-Mach-O,3.14.2,3.2.6,8,Apple M2,0.0,,72.8856,19.0748,8.0,machine,0.0,0,0.0,0.0,N,1.0,0.0
2026-04-20T10:10:32,self_healing_compiler,0a036195-5cdc-45e4-a9ee-60c2af722695,5b0fa12a-3dd7-45bb-9766-cc326314d9f1,0.3233146660495549,2.914990129863391e-06,9.01595391721762e-06,42.5,0.0,3.0,3.816481299387912e-06,0.0,2.693367708707229e-07,4.085818070258635e-06,0.0,India,IND,maharashtra,,,macOS-26.3.1-arm64-arm-64bit-Mach-O,3.14.2,3.2.6,8,Apple M2,0.0,,72.8856,19.0748,8.0,machine,0.0,0,0.0,0.0,N,1.0,0.0
2026-04-20T10:10:33,self_healing_compiler,05edbb3a-f6ec-4345-8157-1919a37cf1f5,5b0fa12a-3dd7-45bb-9766-cc326314d9f1,0.3067241660319268,2.7653138561049612e-06,9.015637378298782e-06,42.5,0.0,3.0,3.6205007186961465e-06,0.0,2.555224648676813e-07,3.876023183563828e-06,0.0,India,IND,maharashtra,,,macOS-26.3.1-arm64-arm-64bit-Mach-O,3.14.2,3.2.6,8,Apple M2,0.0,,72.8856,19.0748,8.0,machine,0.0,0,0.0,0.0,N,1.0,0.0
2026-04-20T10:10:33,self_healing_compiler,ad74ac06-2f00-4881-b541-4f707e5df0c4,5b0fa12a-3dd7-45bb-9766-cc326314d9f1,12.117623958038166,0.0001092598633532,9.016607854116576e-06,42.5,0.0,3.0,0.0001430494262785,0.0,1.0095491595954323e-05,0.0001531449178744,0.0,India,IND,maharashtra,,,macOS-26.3.1-arm64-arm-64bit-Mach-O,3.14.2,3.2.6,8,Apple M2,0.0,,72.8856,19.0748,8.0,machine,8.733333333333333,0,81.30833333333332,2.9332542419433594,N,1.0,0.0
2026-04-20T10:40:16,self_healing_compiler,7e984d6d-5288-4841-b0fe-3bed76256b70,5b0fa12a-3dd7-45bb-9766-cc326314d9f1,0.3237364999949932,2.918578689100081e-06,9.01529079713044e-06,42.5,0.0,3.0,3.821205987413931e-06,0.0,2.696420141728595e-07,4.09084800158679e-06,0.0,India,IND,karnataka,,,macOS-26.3.1-arm64-arm-64bit-Mach-O,3.14.2,3.2.6,8,Apple M2,0.0,,76.6029,13.8006,8.0,machine,0.0,0,0.0,0.0,N,1.0,0.0
2026-04-20T10:40:16,self_healing_compiler,992fec93-1944-49ed-8a58-52cb10615f5d,5b0fa12a-3dd7-45bb-9766-cc326314d9f1,0.2851188750937581,2.5705089165896988e-06,9.01556908761097e-06,42.5,0.0,3.0,3.3654795746163774e-06,0.0,2.374937849041696e-07,3.602973359520547e-06,0.0,India,IND,karnataka,,,macOS-26.3.1-arm64-arm-64bit-Mach-O,3.14.2,3.2.6,8,Apple M2,0.0,,76.6029,13.8006,8.0,machine,0.0,0,0.0,0.0,N,1.0,0.0
2026-04-20T10:40:17,self_healing_compiler,c140fd54-5309-4706-a8ec-46d5159c7da8,5b0fa12a-3dd7-45bb-9766-cc326314d9f1,0.2836432079784572,2.557244215564835e-06,9.015707563704677e-06,42.5,0.0,3.0,3.348128359842425e-06,0.0,2.3625243067120517e-07,3.58438079051363e-06,0.0,India,IND,karnataka,,,macOS-26.3.1-arm64-arm-64bit-Mach-O,3.14.2,3.2.6,8,Apple M2,0.0,,76.6029,13.8006,8.0,machine,0.0,0,0.0,0.0,N,1.0,0.0
2026-04-20T10:40:17,self_healing_compiler,d3eaf3a9-690e-45fa-a1e5-cd402f81128f,5b0fa12a-3dd7-45bb-9766-cc326314d9f1,0.2770000419113785,2.497347542284606e-06,9.01569373438431e-06,42.5,0.0,3.0,3.269691753181785e-06,0.0,2.3073440999723977e-07,3.5004261631790243e-06,0.0,India,IND,karnataka,,,macOS-26.3.1-arm64-arm-64bit-Mach-O,3.14.2,3.2.6,8,Apple M2,0.0,,76.6029,13.8006,8.0,machine,0.0,0,0.0,0.0,N,1.0,0.0
2026-04-20T10:40:18,self_healing_compiler,76233c28-10d4-450e-af62-6146cce2cad0,5b0fa12a-3dd7-45bb-9766-cc326314d9f1,0.2794380839914083,2.5193544738892816e-06,9.015787819267834e-06,42.5,0.0,3.0,3.29852338780054e-06,0.0,2.327489583209778e-07,3.5312723461215177e-06,0.0,India,IND,karnataka,,,macOS-26.3.1-arm64-arm-64bit-Mach-O,3.14.2,3.2.6,8,Apple M2,0.0,,76.6029,13.8006,8.0,machine,0.0,0,0.0,0.0,N,1.0,0.0
2026-04-20T10:40:18,self_healing_compiler,03075077-17eb-469f-94b2-6c8663ae27e0,5b0fa12a-3dd7-45bb-9766-cc326314d9f1,0.2829011671710759,2.5505760129157e-06,9.01578469407062e-06,42.5,0.0,3.0,3.33937994776837e-06,0.0,2.356543058219057e-07,3.5750342535902754e-06,0.0,India,IND,karnataka,,,macOS-26.3.1-arm64-arm-64bit-Mach-O,3.14.2,3.2.6,8,Apple M2,0.0,,76.6029,13.8006,8.0,machine,0.0,0,0.0,0.0,N,1.0,0.0
2026-04-20T10:40:19,self_healing_compiler,322fc014-8242-44a0-9e98-eaec1adbb9c0,5b0fa12a-3dd7-45bb-9766-cc326314d9f1,0.3962429999373853,3.5725086412023477e-06,9.015953951910516e-06,42.5,0.0,3.0,4.677358159905352e-06,0.0,3.300757290950666e-07,5.0074338890004186e-06,0.0,India,IND,karnataka,,,macOS-26.3.1-arm64-arm-64bit-Mach-O,3.14.2,3.2.6,8,Apple M2,0.0,,76.6029,13.8006,8.0,machine,0.0,0,0.0,0.0,N,1.0,0.0
2026-04-20T10:40:19,self_healing_compiler,842efaa3-9f9f-4016-8cea-2d892213e5bf,5b0fa12a-3dd7-45bb-9766-cc326314d9f1,0.2943135420791805,2.6534788537532824e-06,9.015823176221382e-06,42.5,0.0,3.0,3.474104948367717e-06,0.0,2.451638541727637e-07,3.71926880254048e-06,0.0,India,IND,karnataka,,,macOS-26.3.1-arm64-arm-64bit-Mach-O,3.14.2,3.2.6,8,Apple M2,0.0,,76.6029,13.8006,8.0,machine,0.0,0,0.0,0.0,N,1.0,0.0
2026-04-20T10:40:20,self_healing_compiler,1632d3bc-22e9-48e3-9bcb-5cdb86362012,5b0fa12a-3dd7-45bb-9766-cc326314d9f1,0.2969374579843133,2.676946979598785e-06,9.015187904451592e-06,42.5,0.0,3.0,3.504891864496232e-06,0.0,2.472712149998795e-07,3.7521630794961113e-06,0.0,India,IND,karnataka,,,macOS-26.3.1-arm64-arm-64bit-Mach-O,3.14.2,3.2.6,8,Apple M2,0.0,,76.6029,13.8006,8.0,machine,0.0,0,0.0,0.0,N,1.0,0.0
2026-04-20T10:40:20,self_healing_compiler,3f65a7a0-e5f9-4163-9700-0352c0843e46,5b0fa12a-3dd7-45bb-9766-cc326314d9f1,6.5135635829064995,5.8729980398175945e-05,9.016566684372382e-06,42.5,0.0,3.0,7.689270640936836e-05,0.0,5.426616979918133e-06,8.23193233892865e-05,0.0,India,IND,karnataka,,,macOS-26.3.1-arm64-arm-64bit-Mach-O,3.14.2,3.2.6,8,Apple M2,0.0,,76.6029,13.8006,8.0,machine,2.6999999999999997,0,75.16666666666667,3.2667160034179688,N,1.0,0.0
2026-04-20T10:45:01,self_healing_compiler,db5df0b6-c121-4163-855b-433bd52172d0,5b0fa12a-3dd7-45bb-9766-cc326314d9f1,0.3383037499152124,3.049932738679006e-06,9.015367814998791e-06,42.5,0.0,3.0,3.993192757803223e-06,0.0,2.817686457031717e-07,4.274961403506395e-06,0.0,India,IND,telangana,,,macOS-26.3.1-arm64-arm-64bit-Mach-O,3.14.2,3.2.6,8,Apple M2,0.0,,79.5782,17.9958,8.0,machine,0.0,0,0.0,0.0,N,1.0,0.0
2026-04-20T10:45:02,self_healing_compiler,6ce4c0a2-d403-46f3-a0da-e5e264ff6728,5b0fa12a-3dd7-45bb-9766-cc326314d9f1,0.3107665828429162,2.801695154716834e-06,9.015432512359324e-06,42.5,0.0,3.0,3.66818237655227e-06,0.0,2.588349307188764e-07,3.927017307271146e-06,0.0,India,IND,telangana,,,macOS-26.3.1-arm64-arm-64bit-Mach-O,3.14.2,3.2.6,8,Apple M2,0.0,,79.5782,17.9958,8.0,machine,0.0,0,0.0,0.0,N,1.0,0.0
2026-04-20T10:45:02,self_healing_compiler,836ba23f-c2cc-478f-a332-3060540cb8ea,5b0fa12a-3dd7-45bb-9766-cc326314d9f1,0.2895472920499742,2.610475603795939e-06,9.01571410084328e-06,42.5,0.0,3.0,3.417786060405585e-06,0.0,2.412069099955261e-07,3.6589929704011113e-06,0.0,India,IND,telangana,,,macOS-26.3.1-arm64-arm-64bit-Mach-O,3.14.2,3.2.6,8,Apple M2,0.0,,79.5782,17.9958,8.0,machine,0.0,0,0.0,0.0,N,1.0,0.0
2026-04-20T10:45:03,self_healing_compiler,f2a05596-850f-4762-95a5-ec8d703b73cb,5b0fa12a-3dd7-45bb-9766-cc326314d9f1,0.301987666869536,2.7226133854862293e-06,9.015644293389129e-06,42.5,0.0,3.0,3.564652577754007e-06,0.0,2.515191666316241e-07,3.816171744385631e-06,0.0,India,IND,telangana,,,macOS-26.3.1-arm64-arm-64bit-Mach-O,3.14.2,3.2.6,8,Apple M2,0.0,,79.5782,17.9958,8.0,machine,0.0,0,0.0,0.0,N,1.0,0.0
2026-04-20T10:45:03,self_healing_compiler,33b4464d-77f9-4d61-ba8f-91b7bdf56123,5b0fa12a-3dd7-45bb-9766-cc326314d9f1,0.3030947500374168,2.7326215587011586e-06,9.015733721431396e-06,42.5,0.0,3.0,3.5777488729864773e-06,0.0,2.5245090345075976e-07,3.830199776437237e-06,0.0,India,IND,telangana,,,macOS-26.3.1-arm64-arm-64bit-Mach-O,3.14.2,3.2.6,8,Apple M2,0.0,,79.5782,17.9958,8.0,machine,0.0,0,0.0,0.0,N,1.0,0.0
2026-04-20T10:45:04,self_healing_compiler,75ec243b-0aea-4488-bb2a-be4e8f161665,5b0fa12a-3dd7-45bb-9766-cc326314d9f1,0.2847476659808308,2.5672358946798898e-06,9.015827700771096e-06,42.5,0.0,3.0,3.361169557481642e-06,0.0,2.372161460031445e-07,3.5983857034847867e-06,0.0,India,IND,telangana,,,macOS-26.3.1-arm64-arm-64bit-Mach-O,3.14.2,3.2.6,8,Apple M2,0.0,,79.5782,17.9958,8.0,machine,0.0,0,0.0,0.0,N,1.0,0.0
2026-04-20T10:45:05,self_healing_compiler,0e7e72ef-9a15-4bf1-855b-7d5eb08dbdc5,5b0fa12a-3dd7-45bb-9766-cc326314d9f1,0.4172801249660551,3.762251043942977e-06,9.016128060853673e-06,42.5,0.0,3.0,4.925769679054308e-06,0.0,3.476180908425401e-07,5.273387769896848e-06,0.0,India,IND,telangana,,,macOS-26.3.1-arm64-arm-64bit-Mach-O,3.14.2,3.2.6,8,Apple M2,0.0,,79.5782,17.9958,8.0,machine,0.0,0,0.0,0.0,N,1.0,0.0
2026-04-20T10:45:05,self_healing_compiler,ca1554c8-885d-4ab4-ab67-50d78caee54d,5b0fa12a-3dd7-45bb-9766-cc326314d9f1,0.2966967502143234,2.6748830307254707e-06,9.015545430791636e-06,42.5,0.0,3.0,3.5021441231947396e-06,0.0,2.47126006676505e-07,3.7492701298712447e-06,0.0,India,IND,telangana,,,macOS-26.3.1-arm64-arm-64bit-Mach-O,3.14.2,3.2.6,8,Apple M2,0.0,,79.5782,17.9958,8.0,machine,0.0,0,0.0,0.0,N,1.0,0.0
2026-04-20T10:45:06,self_healing_compiler,b55585a2-93c2-4bdb-89b6-96c9e5ef6729,5b0fa12a-3dd7-45bb-9766-cc326314d9f1,0.3013656658586114,2.7169831644101184e-06,9.015569695603003e-06,42.5,0.0,3.0,3.5572711439777376e-06,0.0,2.510089582453172e-07,3.8082801022230543e-06,0.0,India,IND,telangana,,,macOS-26.3.1-arm64-arm-64bit-Mach-O,3.14.2,3.2.6,8,Apple M2,0.0,,79.5782,17.9958,8.0,machine,0.0,0,0.0,0.0,N,1.0,0.0
2026-04-20T10:45:06,self_healing_compiler,f07f4967-aeb4-48f4-b06d-a7e0dd3f4d73,5b0fa12a-3dd7-45bb-9766-cc326314d9f1,7.0069457499776036,6.317989926575936e-05,9.0167530219513e-06,42.5,0.0,3.0,8.271837817705496e-05,0.0,5.8382078136006985e-06,8.855658599065565e-05,0.0,India,IND,maharashtra,,,macOS-26.3.1-arm64-arm-64bit-Mach-O,3.14.2,3.2.6,8,Apple M2,0.0,,72.8338,18.9808,8.0,machine,8.633333333333333,0,75.76666666666667,3.2827479044596353,N,1.0,0.0
2026-04-20T12:27:45,self_healing_compiler,a40becb4-fd4e-4ecc-9619-c59dca13edfa,5b0fa12a-3dd7-45bb-9766-cc326314d9f1,0.3406707919202745,3.0712530326552338e-06,9.015310691425474e-06,42.5,0.0,3.0,4.021047481445648e-06,0.0,2.837976741526897e-07,4.3048451555983376e-06,0.0,India,IND,telangana,,,macOS-26.3.1-arm64-arm-64bit-Mach-O,3.14.2,3.2.6,8,Apple M2,0.0,,79.5782,17.9958,8.0,machine,0.0,0,0.0,0.0,N,1.0,0.0
2026-04-20T12:27:46,self_healing_compiler,b1be7790-f209-4373-9ddc-2c33d31bb1af,5b0fa12a-3dd7-45bb-9766-cc326314d9f1,0.2949805420357734,2.659301114564969e-06,9.015174683089656e-06,42.5,0.0,3.0,3.481753472846726e-06,0.0,2.4567614581125476e-07,3.727429618657981e-06,0.0,India,IND,telangana,,,macOS-26.3.1-arm64-arm-64bit-Mach-O,3.14.2,3.2.6,8,Apple M2,0.0,,79.5782,17.9958,8.0,machine,0.0,0,0.0,0.0,N,1.0,0.0
2026-04-20T12:27:46,self_healing_compiler,72919966-64ca-4150-b500-c53baba891d4,5b0fa12a-3dd7-45bb-9766-cc326314d9f1,0.2936441248748451,2.6473041585941382e-06,9.015348628965258e-06,42.5,0.0,3.0,3.466001424142936e-06,0.0,2.446125699983289e-07,3.710613994141265e-06,0.0,India,IND,telangana,,,macOS-26.3.1-arm64-arm-64bit-Mach-O,3.14.2,3.2.6,8,Apple M2,0.0,,79.5782,17.9958,8.0,machine,0.0,0,0.0,0.0,N,1.0,0.0
2026-04-20T12:27:47,self_healing_compiler,c16b4179-c9ea-455e-a336-f62334896b9d,5b0fa12a-3dd7-45bb-9766-cc326314d9f1,0.2913128749933094,2.6263052973830963e-06,9.015410999062142e-06,42.5,0.0,3.0,3.4385495657463456e-06,0.0,2.426312149812778e-07,3.681180780727623e-06,0.0,India,IND,telangana,,,macOS-26.3.1-arm64-arm-64bit-Mach-O,3.14.2,3.2.6,8,Apple M2,0.0,,79.5782,17.9958,8.0,machine,0.0,0,0.0,0.0,N,1.0,0.0
2026-04-20T12:27:48,self_healing_compiler,9f188717-f018-46b2-b8e0-68138829a04b,5b0fa12a-3dd7-45bb-9766-cc326314d9f1,0.3019270841032266,2.7220533239921305e-06,9.015598359044464e-06,42.5,0.0,3.0,3.5639191599329933e-06,0.0,2.514675700028117e-07,3.815386729935805e-06,0.0,India,IND,telangana,,,macOS-26.3.1-arm64-arm-64bit-Mach-O,3.14.2,3.2.6,8,Apple M2,0.0,,79.5782,17.9958,8.0,machine,0.0,0,0.0,0.0,N,1.0,0.0
2026-04-20T12:27:48,self_healing_compiler,376c563b-2033-414f-b52b-5f6742770d03,5b0fa12a-3dd7-45bb-9766-cc326314d9f1,0.2876087080221623,2.5930095624001855e-06,9.015754704479864e-06,42.5,0.0,3.0,3.394908852513052e-06,0.0,2.396027082189297e-07,3.6345115607319814e-06,0.0,India,IND,telangana,,,macOS-26.3.1-arm64-arm-64bit-Mach-O,3.14.2,3.2.6,8,Apple M2,0.0,,79.5782,17.9958,8.0,machine,0.0,0,0.0,0.0,N,1.0,0.0
2026-04-20T12:27:49,self_healing_compiler,dd443bbe-f73a-41a4-becf-7524fa88c18c,5b0fa12a-3dd7-45bb-9766-cc326314d9f1,0.4256410000380128,3.8375618060461e-06,9.015959002312694e-06,42.5,0.0,3.0,5.024382463630496e-06,0.0,3.545652083509292e-07,5.378947671981425e-06,0.0,India,IND,telangana,,,macOS-26.3.1-arm64-arm-64bit-Mach-O,3.14.2,3.2.6,8,Apple M2,0.0,,79.5782,17.9958,8.0,machine,0.0,0,0.0,0.0,N,1.0,0.0
2026-04-20T12:27:49,self_healing_compiler,bee7bbea-5dbb-4ff9-8da0-4acdeb3a5e55,5b0fa12a-3dd7-45bb-9766-cc326314d9f1,0.3221662079449743,2.904555815168161e-06,9.015706003729158e-06,42.5,0.0,3.0,3.8028640879525088e-06,0.0,2.68328645809864e-07,4.071192733762373e-06,0.0,India,IND,telangana,,,macOS-26.3.1-arm64-arm-64bit-Mach-O,3.14.2,3.2.6,8,Apple M2,0.0,,79.5782,17.9958,8.0,machine,0.0,0,0.0,0.0,N,1.0,0.0
2026-04-20T12:27:50,self_healing_compiler,cd5e603a-2c86-4efe-a6f1-a48958bcdb82,5b0fa12a-3dd7-45bb-9766-cc326314d9f1,0.2992259168531745,2.697509782207248e-06,9.014960370330734e-06,42.5,0.0,3.0,3.5317244281436116e-06,0.0,2.4926065991166977e-07,3.780985088055281e-06,0.0,India,IND,telangana,,,macOS-26.3.1-arm64-arm-64bit-Mach-O,3.14.2,3.2.6,8,Apple M2,0.0,,79.5782,17.9958,8.0,machine,0.0,0,0.0,0.0,N,1.0,0.0
2026-04-20T12:27:50,self_healing_compiler,68dea807-e5f3-428f-a441-8eaa473e3371,5b0fa12a-3dd7-45bb-9766-cc326314d9f1,6.079837416997179,5.482058684533606e-05,9.016785003506204e-06,42.5,0.0,3.0,7.177398081370887e-05,0.0,5.0657113897614176e-06,7.683969220347031e-05,0.0,India,IND,tamil nadu,,,macOS-26.3.1-arm64-arm-64bit-Mach-O,3.14.2,3.2.6,8,Apple M2,0.0,,80.2785,13.0878,8.0,machine,2.4,0,79.2,3.0678812662760415,N,1.0,0.0
2026-04-20T12:29:58,self_healing_compiler,6ed8a2b7-58d8-484a-982c-17fa6499516c,5b0fa12a-3dd7-45bb-9766-cc326314d9f1,0.3261163749266416,2.940006331663193e-06,9.015206097285162e-06,42.5,0.0,3.0,3.849213192168261e-06,0.0,2.7166902747315664e-07,4.120882219641418e-06,0.0,India,IND,telangana,,,macOS-26.3.1-arm64-arm-64bit-Mach-O,3.14.2,3.2.6,8,Apple M2,0.0,,79.5782,17.9958,8.0,machine,0.0,0,0.0,0.0,N,1.0,0.0
2026-04-20T12:29:59,self_healing_compiler,672fd854-f88b-4bd5-b652-a0aba303c718,5b0fa12a-3dd7-45bb-9766-cc326314d9f1,0.2926853750832379,2.6386679891261686e-06,9.015373550440462e-06,42.5,0.0,3.0,3.4547354657358183e-06,0.0,2.4377357583337773e-07,3.698509041569196e-06,0.0,India,IND,telangana,,,macOS-26.3.1-arm64-arm-64bit-Mach-O,3.14.2,3.2.6,8,Apple M2,0.0,,79.5782,17.9958,8.0,machine,0.0,0,0.0,0.0,N,1.0,0.0
2026-04-20T12:30:00,self_healing_compiler,da3b1ce9-4800-44bc-857f-94501c5a4546,5b0fa12a-3dd7-45bb-9766-cc326314d9f1,0.2980810839217156,2.6873379324207175e-06,9.015459475202685e-06,42.5,0.0,3.0,3.518451039983322e-06,0.0,2.482765975097815e-07,3.766727637493104e-06,0.0,India,IND,telangana,,,macOS-26.3.1-arm64-arm-64bit-Mach-O,3.14.2,3.2.6,8,Apple M2,0.0,,79.5782,17.9958,8.0,machine,0.0,0,0.0,0.0,N,1.0,0.0
2026-04-20T12:30:00,self_healing_compiler,5de08bcd-ca36-4f6c-bbba-aebb377e5938,5b0fa12a-3dd7-45bb-9766-cc326314d9f1,0.2920544578228146,2.63312792962379e-06,9.015879946681973e-06,42.5,0.0,3.0,3.44743078927018e-06,0.0,2.433129857915143e-07,3.6907437750616942e-06,0.0,India,IND,telangana,,,macOS-26.3.1-arm64-arm-64bit-Mach-O,3.14.2,3.2.6,8,Apple M2,0.0,,79.5782,17.9958,8.0,machine,0.0,0,0.0,0.0,N,1.0,0.0
2026-04-20T12:30:01,self_healing_compiler,2f7548d2-ca12-4fc7-8061-3bc450aa8d67,5b0fa12a-3dd7-45bb-9766-cc326314d9f1,0.2808417498599738,2.531904498153386e-06,9.015413482560126e-06,42.5,0.0,3.0,3.314964086328271e-06,0.0,2.3389909668670345e-07,3.5488631830149743e-06,0.0,India,IND,telangana,,,macOS-26.3.1-arm64-arm-64bit-Mach-O,3.14.2,3.2.6,8,Apple M2,0.0,,79.5782,17.9958,8.0,machine,0.0,0,0.0,0.0,N,1.0,0.0
2026-04-20T12:30:01,self_healing_compiler,18397933-d0d1-449d-b58c-8af5c52c7a9d,5b0fa12a-3dd7-45bb-9766-cc326314d9f1,0.2944202499929815,2.654451578948464e-06,9.015859401694486e-06,42.5,0.0,3.0,3.4753558410253996e-06,0.0,2.452763891778887e-07,3.720632230203288e-06,0.0,India,IND,telangana,,,macOS-26.3.1-arm64-arm-64bit-Mach-O,3.14.2,3.2.6,8,Apple M2,0.0,,79.5782,17.9958,8.0,machine,0.0,0,0.0,0.0,N,1.0,0.0
2026-04-20T12:30:02,self_healing_compiler,41c785b5-670a-420b-8e84-f1f70cbcc7c5,5b0fa12a-3dd7-45bb-9766-cc326314d9f1,0.414430791977793,3.7365011560862505e-06,9.015983436593844e-06,42.5,0.0,3.0,4.892036285471275e-06,0.0,3.452589584048838e-07,5.237295243876159e-06,0.0,India,IND,telangana,,,macOS-26.3.1-arm64-arm-64bit-Mach-O,3.14.2,3.2.6,8,Apple M2,0.0,,79.5782,17.9958,8.0,machine,0.0,0,0.0,0.0,N,1.0,0.0
2026-04-20T12:30:03,self_healing_compiler,c9a00be0-b2ef-4cff-ae46-559d64f0d674,5b0fa12a-3dd7-45bb-9766-cc326314d9f1,0.3173509580083191,2.8611361718810685e-06,9.015684684985463e-06,42.5,0.0,3.0,3.7459918024574617e-06,0.0,2.643414582901945e-07,4.010333260747656e-06,0.0,India,IND,telangana,,,macOS-26.3.1-arm64-arm-64bit-Mach-O,3.14.2,3.2.6,8,Apple M2,0.0,,79.5782,17.9958,8.0,machine,0.0,0,0.0,0.0,N,1.0,0.0
2026-04-20T12:30:03,self_healing_compiler,7a36d78e-5bfc-4346-a52f-8978b9dcab9e,5b0fa12a-3dd7-45bb-9766-cc326314d9f1,0.2901616250164807,2.6159585764404437e-06,9.015522215564727e-06,42.5,0.0,3.0,3.4249594014707125e-06,0.0,2.41718819209685e-07,3.6666782206803976e-06,0.0,India,IND,telangana,,,macOS-26.3.1-arm64-arm-64bit-Mach-O,3.14.2,3.2.6,8,Apple M2,0.0,,79.5782,17.9958,8.0,machine,0.0,0,0.0,0.0,N,1.0,0.0
2026-04-20T12:30:03,self_healing_compiler,13bb876e-bec5-42aa-8b02-1990af12b56f,5b0fa12a-3dd7-45bb-9766-cc326314d9f1,6.080504459096119,5.482650615018168e-05,9.01676933534093e-06,42.5,0.0,3.0,7.178161605649317e-05,0.0,5.0663729856023565e-06,7.684798904209553e-05,0.0,India,IND,telangana,,,macOS-26.3.1-arm64-arm-64bit-Mach-O,3.14.2,3.2.6,8,Apple M2,0.0,,79.5782,17.9958,8.0,machine,2.8000000000000003,0,79.2,3.0717442830403647,N,1.0,0.0
2026-04-20T18:17:09,self_healing_compiler,1ccdc3cb-7508-4299-acb1-6dbfb825c426,5b0fa12a-3dd7-45bb-9766-cc326314d9f1,0.3108672499656677,2.8025192011269e-06,9.015163872799115e-06,42.5,0.0,3.0,3.6692645598021856e-06,0.0,2.589077783826118e-07,3.928172338184797e-06,0.0,India,IND,karnataka,,,macOS-26.3.1-arm64-arm-64bit-Mach-O,3.14.2,3.2.6,8,Apple M2,0.0,,76.6029,13.8006,8.0,machine,0.0,0,0.0,0.0,N,1.0,0.0
2026-04-20T18:17:10,self_healing_compiler,b597bd56-dbb9-4337-9bcf-95c25879b85e,5b0fa12a-3dd7-45bb-9766-cc326314d9f1,0.2975649579893797,2.682603259488103e-06,9.015185382090071e-06,42.5,0.0,3.0,3.5122506572709733e-06,0.0,2.478405899213007e-07,3.760091247192274e-06,0.0,India,IND,karnataka,,,macOS-26.3.1-arm64-arm-64bit-Mach-O,3.14.2,3.2.6,8,Apple M2,0.0,,76.6029,13.8006,8.0,machine,0.0,0,0.0,0.0,N,1.0,0.0
2026-04-20T18:17:10,self_healing_compiler,3b324d07-5c9f-431c-8ea5-ece828537e03,5b0fa12a-3dd7-45bb-9766-cc326314d9f1,0.2855655420571565,2.5744908101447795e-06,9.015411283863828e-06,42.5,0.0,3.0,3.370733048359398e-06,0.0,2.3782156252612673e-07,3.6085546108855246e-06,0.0,India,IND,karnataka,,,macOS-26.3.1-arm64-arm-64bit-Mach-O,3.14.2,3.2.6,8,Apple M2,0.0,,76.6029,13.8006,8.0,machine,0.0,0,0.0,0.0,N,1.0,0.0
2026-04-20T18:17:11,self_healing_compiler,fdfa5cd9-ebdc-4362-9e29-cc871fbb6a33,5b0fa12a-3dd7-45bb-9766-cc326314d9f1,0.2865185418631881,2.5830857661535854e-06,9.01542269954383e-06,42.5,0.0,3.0,3.381983740513938e-06,0.0,2.3861805578538524e-07,3.620601796299323e-06,0.0,India,IND,karnataka,,,macOS-26.3.1-arm64-arm-64bit-Mach-O,3.14.2,3.2.6,8,Apple M2,0.0,,76.6029,13.8006,8.0,machine,0.0,0,0.0,0.0,N,1.0,0.0
2026-04-20T18:17:11,self_healing_compiler,ac0259bf-5e18-4741-8fd5-5acb6f6a0325,5b0fa12a-3dd7-45bb-9766-cc326314d9f1,0.2779209581203758,2.5056734794319356e-06,9.015777350431606e-06,42.5,0.0,3.0,3.280577457108949e-06,0.0,2.315188191520671e-07,3.512096276261016e-06,0.0,India,IND,karnataka,,,macOS-26.3.1-arm64-arm-64bit-Mach-O,3.14.2,3.2.6,8,Apple M2,0.0,,76.6029,13.8006,8.0,machine,0.0,0,0.0,0.0,N,1.0,0.0
2026-04-20T18:17:11,self_healing_compiler,1606a0ae-8bb9-40dc-af93-85746a121fa4,5b0fa12a-3dd7-45bb-9766-cc326314d9f1,0.2712148749269545,2.445146238920684e-06,9.015531465887435e-06,42.5,0.0,3.0,3.2013661087451813e-06,0.0,2.258917008293793e-07,3.4272578095745606e-06,0.0,India,IND,karnataka,,,macOS-26.3.1-arm64-arm-64bit-Mach-O,3.14.2,3.2.6,8,Apple M2,0.0,,76.6029,13.8006,8.0,machine,0.0,0,0.0,0.0,N,1.0,0.0
2026-04-20T18:17:12,self_healing_compiler,7be45e3c-bf56-4196-97fb-5b8d3132ed2b,5b0fa12a-3dd7-45bb-9766-cc326314d9f1,0.4022877919487655,3.6271053820066024e-06,9.016195506297e-06,42.5,0.0,3.0,4.74879062417636e-06,0.0,3.3516920152275513e-07,5.083959825699115e-06,0.0,India,IND,karnataka,,,macOS-26.3.1-arm64-arm-64bit-Mach-O,3.14.2,3.2.6,8,Apple M2,0.0,,76.6029,13.8006,8.0,machine,0.0,0,0.0,0.0,N,1.0,0.0
2026-04-20T18:17:12,self_healing_compiler,334ec495-703a-42a2-a755-3313c9f68e5b,5b0fa12a-3dd7-45bb-9766-cc326314d9f1,0.2994460000190884,2.699646437671918e-06,9.015470026314684e-06,42.5,0.0,3.0,3.534584808221553e-06,0.0,2.493951392049591e-07,3.783979947426512e-06,0.0,India,IND,karnataka,,,macOS-26.3.1-arm64-arm-64bit-Mach-O,3.14.2,3.2.6,8,Apple M2,0.0,,76.6029,13.8006,8.0,machine,0.0,0,0.0,0.0,N,1.0,0.0
2026-04-20T18:17:13,self_healing_compiler,004fb7fa-ac77-481e-8a4e-ed59b350e92b,5b0fa12a-3dd7-45bb-9766-cc326314d9f1,0.2936871252022683,2.647739922303679e-06,9.015512411312296e-06,42.5,0.0,3.0,3.466591208901567e-06,0.0,2.446335767551015e-07,3.711224785656669e-06,0.0,India,IND,karnataka,,,macOS-26.3.1-arm64-arm-64bit-Mach-O,3.14.2,3.2.6,8,Apple M2,0.0,,76.6029,13.8006,8.0,machine,0.0,0,0.0,0.0,N,1.0,0.0
2026-04-20T18:17:13,self_healing_compiler,b34eb7ca-d0d5-4310-9476-c5b56c46b99d,5b0fa12a-3dd7-45bb-9766-cc326314d9f1,3.94438329199329,3.5565949249660825e-05,9.016859320405348e-06,42.5,0.0,3.0,4.6564665576766454e-05,0.0,3.2866175001254303e-06,4.985128307689189e-05,0.0,India,IND,karnataka,,,macOS-26.3.1-arm64-arm-64bit-Mach-O,3.14.2,3.2.6,8,Apple M2,0.0,,76.6029,13.8006,8.0,machine,5.3,0,80.7,2.928441365559896,N,1.0,0.0
2026-04-20T18:19:06,self_healing_compiler,c50fb229-674e-43ae-ad87-f8b94823f5d2,5b0fa12a-3dd7-45bb-9766-cc326314d9f1,0.3345609579700976,3.0161505969637536e-06,9.015249762745272e-06,42.5,0.0,3.0,3.948928324421609e-06,0.0,2.786820833959306e-07,4.22761040781754e-06,0.0,India,IND,karnataka,,,macOS-26.3.1-arm64-arm-64bit-Mach-O,3.14.2,3.2.6,8,Apple M2,0.0,,76.6029,13.8006,8.0,machine,0.0,0,0.0,0.0,N,1.0,0.0
2026-04-20T18:19:06,self_healing_compiler,410efa56-278d-40f1-914f-776a15fbc50e,5b0fa12a-3dd7-45bb-9766-cc326314d9f1,0.2916099999565631,2.6290253793433935e-06,9.015552895082476e-06,42.5,0.0,3.0,3.442112883365351e-06,0.0,2.4288052091530216e-07,3.684993404280653e-06,0.0,India,IND,karnataka,,,macOS-26.3.1-arm64-arm-64bit-Mach-O,3.14.2,3.2.6,8,Apple M2,0.0,,76.6029,13.8006,8.0,machine,0.0,0,0.0,0.0,N,1.0,0.0
2026-04-20T18:19:07,self_healing_compiler,0249d1d8-4cf8-4ac6-aa37-4f141fea61d6,5b0fa12a-3dd7-45bb-9766-cc326314d9f1,0.2808527499437332,2.5320637226291437e-06,9.015627310526332e-06,42.5,0.0,3.0,3.315163306251634e-06,0.0,2.3392305495993546e-07,3.5490863612115698e-06,0.0,India,IND,karnataka,,,macOS-26.3.1-arm64-arm-64bit-Mach-O,3.14.2,3.2.6,8,Apple M2,0.0,,76.6029,13.8006,8.0,machine,0.0,0,0.0,0.0,N,1.0,0.0
2026-04-20T18:19:07,self_healing_compiler,3df8f5bf-ed58-4b63-b3c8-7b8d9f661836,5b0fa12a-3dd7-45bb-9766-cc326314d9f1,0.2911225000862032,2.6246307317413415e-06,9.015554383340937e-06,42.5,0.0,3.0,3.436363578010868e-06,0.0,2.424700350578254e-07,3.678833613068693e-06,0.0,India,IND,karnataka,,,macOS-26.3.1-arm64-arm-64bit-Mach-O,3.14.2,3.2.6,8,Apple M2,0.0,,76.6029,13.8006,8.0,machine,0.0,0,0.0,0.0,N,1.0,0.0
2026-04-20T18:19:07,self_healing_compiler,61bc7179-8b31-4118-8521-87ca5c2dae67,5b0fa12a-3dd7-45bb-9766-cc326314d9f1,0.2777102910913527,2.5037777807177515e-06,9.015790415538237e-06,42.5,0.0,3.0,3.278086482411406e-06,0.0,2.3135267333903658e-07,3.5094391557504425e-06,0.0,India,IND,karnataka,,,macOS-26.3.1-arm64-arm-64bit-Mach-O,3.14.2,3.2.6,8,Apple M2,0.0,,76.6029,13.8006,8.0,machine,0.0,0,0.0,0.0,N,1.0,0.0
2026-04-20T18:19:08,self_healing_compiler,e758da13-7a7a-45b9-9373-a7ee7f4d4f5c,5b0fa12a-3dd7-45bb-9766-cc326314d9f1,0.2750730838160962,2.479955499546371e-06,9.015624012142091e-06,42.5,0.0,3.0,3.2469198285576167e-06,0.0,2.291286457329989e-07,3.476048474290615e-06,0.0,India,IND,karnataka,,,macOS-26.3.1-arm64-arm-64bit-Mach-O,3.14.2,3.2.6,8,Apple M2,0.0,,76.6029,13.8006,8.0,machine,0.0,0,0.0,0.0,N,1.0,0.0
2026-04-20T18:19:08,self_healing_compiler,61b7f65f-af6d-42b9-99a7-0b92d63570c9,5b0fa12a-3dd7-45bb-9766-cc326314d9f1,0.3801285000517964,3.4272534919972938e-06,9.016039290740618e-06,42.5,0.0,3.0,4.487141147546936e-06,0.0,3.1669475759069125e-07,4.803835905137627e-06,0.0,India,IND,karnataka,,,macOS-26.3.1-arm64-arm-64bit-Mach-O,3.14.2,3.2.6,8,Apple M2,0.0,,76.6029,13.8006,8.0,machine,0.0,0,0.0,0.0,N,1.0,0.0
2026-04-20T18:19:09,self_healing_compiler,577b7448-bd28-4c71-8602-40e5975c6867,5b0fa12a-3dd7-45bb-9766-cc326314d9f1,0.2978485831990838,2.6853132120963407e-06,9.015699128914308e-06,42.5,0.0,3.0,3.515781512800863e-06,0.0,2.481081600611409e-07,3.763889672862004e-06,0.0,India,IND,karnataka,,,macOS-26.3.1-arm64-arm-64bit-Mach-O,3.14.2,3.2.6,8,Apple M2,0.0,,76.6029,13.8006,8.0,machine,0.0,0,0.0,0.0,N,1.0,0.0
2026-04-20T18:19:09,self_healing_compiler,afbc7133-5996-4de9-a249-493867d88217,5b0fa12a-3dd7-45bb-9766-cc326314d9f1,0.2846789169125259,2.566436121621273e-06,9.01519560863676e-06,42.5,0.0,3.0,3.3601154246652087e-06,0.0,2.3714927083346994e-07,3.5972646954986786e-06,0.0,India,IND,karnataka,,,macOS-26.3.1-arm64-arm-64bit-Mach-O,3.14.2,3.2.6,8,Apple M2,0.0,,76.6029,13.8006,8.0,machine,0.0,0,0.0,0.0,N,1.0,0.0
2026-04-20T18:19:09,self_healing_compiler,9b01007f-6886-4d93-a4e8-63c6f1f1d34e,5b0fa12a-3dd7-45bb-9766-cc326314d9f1,6.036158874863759,5.442547229412918e-05,9.01657385473599e-06,42.5,0.0,3.0,7.125703619482617e-05,0.0,5.0288406949645525e-06,7.628587688979073e-05,0.0,India,IND,karnataka,,,macOS-26.3.1-arm64-arm-64bit-Mach-O,3.14.2,3.2.6,8,Apple M2,0.0,,76.6029,13.8006,8.0,machine,12.066666666666668,0,78.5,3.111414591471354,N,1.0,0.0
2026-04-20T18:42:39,self_healing_compiler,7b5965db-3aff-4ee9-9393-1f802920c335,5b0fa12a-3dd7-45bb-9766-cc326314d9f1,0.3267294170800596,2.9453812688521296e-06,9.014741602316183e-06,42.5,0.0,3.0,3.856308332857831e-06,0.0,2.7210770834547776e-07,4.1284160412033084e-06,0.0,India,IND,telangana,,,macOS-26.3.1-arm64-arm-64bit-Mach-O,3.14.2,3.2.6,8,Apple M2,0.0,,79.5782,17.9958,8.0,machine,0.0,0,0.0,0.0,N,1.0,0.0
2026-04-20T18:42:39,self_healing_compiler,b4282150-d9ff-419f-9bea-52b6950b5867,5b0fa12a-3dd7-45bb-9766-cc326314d9f1,0.2926271671894938,2.638190017252932e-06,9.01553346051614e-06,42.5,0.0,3.0,3.4540630469564354e-06,0.0,2.437760417039196e-07,3.697839088660355e-06,0.0,India,IND,telangana,,,macOS-26.3.1-arm64-arm-64bit-Mach-O,3.14.2,3.2.6,8,Apple M2,0.0,,79.5782,17.9958,8.0,machine,0.0,0,0.0,0.0,N,1.0,0.0
2026-04-20T18:42:40,self_healing_compiler,4c7b86d1-fe07-4c73-a39a-1b58e1671850,5b0fa12a-3dd7-45bb-9766-cc326314d9f1,0.301168082980439,2.7151276239354327e-06,9.015323260904048e-06,42.5,0.0,3.0,3.5548534714810863e-06,0.0,2.508257983330017e-07,3.805679269814088e-06,0.0,India,IND,telangana,,,macOS-26.3.1-arm64-arm-64bit-Mach-O,3.14.2,3.2.6,8,Apple M2,0.0,,79.5782,17.9958,8.0,machine,0.0,0,0.0,0.0,N,1.0,0.0
2026-04-20T18:42:40,self_healing_compiler,a2f103ae-3a1f-4ecc-ad12-950dfa154946,5b0fa12a-3dd7-45bb-9766-cc326314d9f1,0.2920348749030381,2.632931127188009e-06,9.015810622146408e-06,42.5,0.0,3.0,3.4472050087060784e-06,0.0,2.432629167257498e-07,3.690467925431828e-06,0.0,India,IND,telangana,,,macOS-26.3.1-arm64-arm-64bit-Mach-O,3.14.2,3.2.6,8,Apple M2,0.0,,79.5782,17.9958,8.0,machine,0.0,0,0.0,0.0,N,1.0,0.0
2026-04-20T18:42:41,self_healing_compiler,44a7624b-8382-4d53-a6a2-52ab3e1bbffc,5b0fa12a-3dd7-45bb-9766-cc326314d9f1,0.2845839590299874,2.5657158517902384e-06,9.015672775568778e-06,42.5,0.0,3.0,3.359224602819369e-06,0.0,2.370305209963893e-07,3.596255123815758e-06,0.0,India,IND,telangana,,,macOS-26.3.1-arm64-arm-64bit-Mach-O,3.14.2,3.2.6,8,Apple M2,0.0,,79.5782,17.9958,8.0,machine,0.0,0,0.0,0.0,N,1.0,0.0
2026-04-20T18:42:41,self_healing_compiler,5e965be3-ae51-4c2e-9621-ac9f33feca09,5b0fa12a-3dd7-45bb-9766-cc326314d9f1,0.2837958328891545,2.558606692780905e-06,9.015659838036628e-06,42.5,0.0,3.0,3.3499154129660588e-06,0.0,2.363751040926824e-07,3.586290517058741e-06,0.0,India,IND,telangana,,,macOS-26.3.1-arm64-arm-64bit-Mach-O,3.14.2,3.2.6,8,Apple M2,0.0,,79.5782,17.9958,8.0,machine,0.0,0,0.0,0.0,N,1.0,0.0
2026-04-20T18:42:42,self_healing_compiler,c1309636-6ff0-4df6-8908-93c86498d037,5b0fa12a-3dd7-45bb-9766-cc326314d9f1,0.4120329159777611,3.7149776240755e-06,9.016215646897517e-06,42.5,0.0,3.0,4.863835267476841e-06,0.0,3.432913541716213e-07,5.207126621648462e-06,0.0,India,IND,telangana,,,macOS-26.3.1-arm64-arm-64bit-Mach-O,3.14.2,3.2.6,8,Apple M2,0.0,,79.5782,17.9958,8.0,machine,0.0,0,0.0,0.0,N,1.0,0.0
2026-04-20T18:42:43,self_healing_compiler,ede73cb7-66c7-41a4-ac1d-4b8758e52521,5b0fa12a-3dd7-45bb-9766-cc326314d9f1,0.3039277500938624,2.7400994374117616e-06,9.01562768311065e-06,42.5,0.0,3.0,3.587544048625407e-06,0.0,2.531371533405036e-07,3.840681201965911e-06,0.0,India,IND,telangana,,,macOS-26.3.1-arm64-arm-64bit-Mach-O,3.14.2,3.2.6,8,Apple M2,0.0,,79.5782,17.9958,8.0,machine,0.0,0,0.0,0.0,N,1.0,0.0
2026-04-20T18:42:43,self_healing_compiler,51a4cab4-7b3c-4431-a1ab-95a6e8e944b5,5b0fa12a-3dd7-45bb-9766-cc326314d9f1,0.3109780410304665,2.8036654044304403e-06,9.01563787314412e-06,42.5,0.0,3.0,3.6707343392966623e-06,0.0,2.590445834600056e-07,3.9297789227566685e-06,0.0,India,IND,telangana,,,macOS-26.3.1-arm64-arm-64bit-Mach-O,3.14.2,3.2.6,8,Apple M2,0.0,,79.5782,17.9958,8.0,machine,0.0,0,0.0,0.0,N,1.0,0.0
2026-04-20T18:42:43,self_healing_compiler,ceb24987-17d4-4300-bf2f-cc06c81f8dab,5b0fa12a-3dd7-45bb-9766-cc326314d9f1,5.383742292178795,4.8544259863600366e-05,9.016824585776106e-06,42.5,0.0,3.0,6.355651137693914e-05,0.0,4.485919410750891e-06,6.804243078769004e-05,0.0,India,IND,telangana,,,macOS-26.3.1-arm64-arm-64bit-Mach-O,3.14.2,3.2.6,8,Apple M2,0.0,,79.5782,17.9958,8.0,machine,3.04,0,82.72,2.7849334716796874,N,1.0,0.0
2026-04-20T18:46:17,self_healing_compiler,d57439ac-43ff-41cc-83c7-31d5102e9522,5b0fa12a-3dd7-45bb-9766-cc326314d9f1,0.3265679159667343,2.943962270870383e-06,9.0148545736816e-06,42.5,0.0,3.0,3.854470599293968e-06,0.0,2.71956492603446e-07,4.126427091897414e-06,0.0,India,IND,telangana,,,macOS-26.3.1-arm64-arm-64bit-Mach-O,3.14.2,3.2.6,8,Apple M2,0.0,,79.5782,17.9958,8.0,machine,0.0,0,0.0,0.0,N,1.0,0.0
2026-04-20T18:46:18,self_healing_compiler,0d180c44-261e-4464-8c75-854176280b3e,5b0fa12a-3dd7-45bb-9766-cc326314d9f1,0.2938048748765141,2.648816145334528e-06,9.015562272231947e-06,42.5,0.0,3.0,3.467977378588532e-06,0.0,2.447559032589198e-07,3.712733281847452e-06,0.0,India,IND,telangana,,,macOS-26.3.1-arm64-arm-64bit-Mach-O,3.14.2,3.2.6,8,Apple M2,0.0,,79.5782,17.9958,8.0,machine,0.0,0,0.0,0.0,N,1.0,0.0
2026-04-20T18:46:18,self_healing_compiler,1ff2db6a-e0a0-4aae-a787-a793a2f0d54a,5b0fa12a-3dd7-45bb-9766-cc326314d9f1,0.291281291982159,2.626086265360116e-06,9.015636560417903e-06,42.5,0.0,3.0,3.4382731129880996e-06,0.0,2.42600659839809e-07,3.680873772827909e-06,0.0,India,IND,telangana,,,macOS-26.3.1-arm64-arm-64bit-Mach-O,3.14.2,3.2.6,8,Apple M2,0.0,,79.5782,17.9958,8.0,machine,0.0,0,0.0,0.0,N,1.0,0.0
2026-04-20T18:46:19,self_healing_compiler,cb7400d4-87ae-46e5-a7ea-14f31351f4a5,5b0fa12a-3dd7-45bb-9766-cc326314d9f1,0.2975482910405844,2.6826251542695e-06,9.0157639450317e-06,42.5,0.0,3.0,3.512240825188605e-06,0.0,2.478811109904201e-07,3.7601219361790257e-06,0.0,India,IND,telangana,,,macOS-26.3.1-arm64-arm-64bit-Mach-O,3.14.2,3.2.6,8,Apple M2,0.0,,79.5782,17.9958,8.0,machine,0.0,0,0.0,0.0,N,1.0,0.0
2026-04-20T18:46:20,self_healing_compiler,051b2249-6946-47e8-909f-65d8a078ea41,5b0fa12a-3dd7-45bb-9766-cc326314d9f1,0.2926854169927537,2.638777349939297e-06,9.01574590579833e-06,42.5,0.0,3.0,3.4548810778586716e-06,0.0,2.437812501254181e-07,3.6986623279840897e-06,0.0,India,IND,telangana,,,macOS-26.3.1-arm64-arm-64bit-Mach-O,3.14.2,3.2.6,8,Apple M2,0.0,,79.5782,17.9958,8.0,machine,0.0,0,0.0,0.0,N,1.0,0.0
2026-04-20T18:46:21,self_healing_compiler,439a08b0-cf4f-4eaf-98fc-a230d50ce58d,5b0fa12a-3dd7-45bb-9766-cc326314d9f1,0.3050005419645458,2.7498441768990794e-06,9.015866526619907e-06,42.5,0.0,3.0,3.600268948422228e-06,0.0,2.540710417088121e-07,3.85433999013104e-06,0.0,India,IND,telangana,,,macOS-26.3.1-arm64-arm-64bit-Mach-O,3.14.2,3.2.6,8,Apple M2,0.0,,79.5782,17.9958,8.0,machine,0.0,0,0.0,0.0,N,1.0,0.0
2026-04-20T18:46:22,self_healing_compiler,43bc3c26-02db-43f8-831e-b2ea0aeb551c,5b0fa12a-3dd7-45bb-9766-cc326314d9f1,0.4218525839969516,3.8034695456116256e-06,9.01611057961212e-06,42.5,0.0,3.0,4.9797353294302916e-06,0.0,3.514266666024923e-07,5.331161996032784e-06,0.0,India,IND,telangana,,,macOS-26.3.1-arm64-arm-64bit-Mach-O,3.14.2,3.2.6,8,Apple M2,0.0,,79.5782,17.9958,8.0,machine,0.0,0,0.0,0.0,N,1.0,0.0
2026-04-20T18:46:22,self_healing_compiler,ed9fde7b-6a18-4533-85b2-f6dce926d811,5b0fa12a-3dd7-45bb-9766-cc326314d9f1,0.3040724578313529,2.7414497512705396e-06,9.015777919587258e-06,42.5,0.0,3.0,3.5892750256203326e-06,0.0,2.532988540284957e-07,3.842573879648828e-06,0.0,India,IND,telangana,,,macOS-26.3.1-arm64-arm-64bit-Mach-O,3.14.2,3.2.6,8,Apple M2,0.0,,79.5782,17.9958,8.0,machine,0.0,0,0.0,0.0,N,1.0,0.0
2026-04-20T18:46:23,self_healing_compiler,a80b2441-c53a-44a8-87c0-8c55dc6a9d24,5b0fa12a-3dd7-45bb-9766-cc326314d9f1,0.2994024169165641,2.69922086862833e-06,9.015360986149068e-06,42.5,0.0,3.0,3.534023062901624e-06,0.0,2.493603824405e-07,3.783383445342124e-06,0.0,India,IND,telangana,,,macOS-26.3.1-arm64-arm-64bit-Mach-O,3.14.2,3.2.6,8,Apple M2,0.0,,79.5782,17.9958,8.0,machine,0.0,0,0.0,0.0,N,1.0,0.0
2026-04-20T18:46:23,self_healing_compiler,135e722e-c898-4788-a781-7101104dc16b,5b0fa12a-3dd7-45bb-9766-cc326314d9f1,5.931535334093496,5.3483849730073925e-05,9.016864389672855e-06,42.5,0.0,3.0,7.002365814809714e-05,0.0,4.942386318192196e-06,7.496604446628933e-05,0.0,India,IND,telangana,,,macOS-26.3.1-arm64-arm-64bit-Mach-O,3.14.2,3.2.6,8,Apple M2,0.0,,79.5782,17.9958,8.0,machine,2.92,0,81.94,2.8647674560546874,N,1.0,0.0
2026-04-20T20:53:42,self_healing_compiler,e51c3cfc-d14d-451b-ba27-bc0db440fd08,5b0fa12a-3dd7-45bb-9766-cc326314d9f1,0.4233812920283526,3.816958058893608e-06,9.015415018947029e-06,42.5,0.0,3.0,4.997401849767711e-06,0.0,3.5266642342321577e-07,5.3500682731909266e-06,0.0,India,IND,karnataka,,,macOS-26.3.1-arm64-arm-64bit-Mach-O,3.14.2,3.2.6,8,Apple M2,0.0,,76.6029,13.8006,8.0,machine,0.0,0,0.0,0.0,N,1.0,0.0
2026-04-20T20:53:42,self_healing_compiler,3b56657c-8a4b-4029-955f-9704cb9d522f,5b0fa12a-3dd7-45bb-9766-cc326314d9f1,0.2936180408578366,2.647131581383779e-06,9.015561760612189e-06,42.5,0.0,3.0,3.465790885093157e-06,0.0,2.445812148895736e-07,3.7103720999827304e-06,0.0,India,IND,karnataka,,,macOS-26.3.1-arm64-arm-64bit-Mach-O,3.14.2,3.2.6,8,Apple M2,0.0,,76.6029,13.8006,8.0,machine,0.0,0,0.0,0.0,N,1.0,0.0
2026-04-20T20:53:42,self_healing_compiler,4c67b740-eb7e-4f65-a3d2-2310338ddead,5b0fa12a-3dd7-45bb-9766-cc326314d9f1,0.2825020409654826,2.5469457294518145e-06,9.015671960270942e-06,42.5,0.0,3.0,3.334648374261128e-06,0.0,2.3529746492082877e-07,3.569945839181957e-06,0.0,India,IND,karnataka,,,macOS-26.3.1-arm64-arm-64bit-Mach-O,3.14.2,3.2.6,8,Apple M2,0.0,,76.6029,13.8006,8.0,machine,0.0,0,0.0,0.0,N,1.0,0.0
2026-04-20T20:53:43,self_healing_compiler,7ad22739-98a7-4baf-baa0-7219acbb862d,5b0fa12a-3dd7-45bb-9766-cc326314d9f1,0.2983358749188483,2.689772409781802e-06,9.015920095139275e-06,42.5,0.0,3.0,3.521597718645353e-06,0.0,2.485422225436196e-07,3.7701399411889727e-06,0.0,India,IND,karnataka,,,macOS-26.3.1-arm64-arm-64bit-Mach-O,3.14.2,3.2.6,8,Apple M2,0.0,,76.6029,13.8006,8.0,machine,0.0,0,0.0,0.0,N,1.0,0.0
2026-04-20T20:53:43,self_healing_compiler,083bd2e9-adb6-4196-b3ce-eb2ba6c0acd6,5b0fa12a-3dd7-45bb-9766-cc326314d9f1,0.2791517078876495,2.516700223235204e-06,9.015528661025076e-06,42.5,0.0,3.0,3.29504418300025e-06,0.0,2.325078125189369e-07,3.5275519955191867e-06,0.0,India,IND,karnataka,,,macOS-26.3.1-arm64-arm-64bit-Mach-O,3.14.2,3.2.6,8,Apple M2,0.0,,76.6029,13.8006,8.0,machine,0.0,0,0.0,0.0,N,1.0,0.0
2026-04-20T20:53:44,self_healing_compiler,e919f3ae-f0bd-4fff-bc7e-ed2750390a42,5b0fa12a-3dd7-45bb-9766-cc326314d9f1,0.271765082841739,2.4501653347116895e-06,9.015747384068946e-06,42.5,0.0,3.0,3.2078896692837594e-06,0.0,2.2640319405278813e-07,3.4342928633365473e-06,0.0,India,IND,karnataka,,,macOS-26.3.1-arm64-arm-64bit-Mach-O,3.14.2,3.2.6,8,Apple M2,0.0,,76.6029,13.8006,8.0,machine,0.0,0,0.0,0.0,N,1.0,0.0
2026-04-20T20:53:44,self_healing_compiler,57accc4d-227b-4b18-802c-19ee38d724af,5b0fa12a-3dd7-45bb-9766-cc326314d9f1,0.4131251669023186,3.724732687518443e-06,9.015990760008908e-06,42.5,0.0,3.0,4.8766546371755085e-06,0.0,3.441452432889491e-07,5.2207998804644574e-06,0.0,India,IND,karnataka,,,macOS-26.3.1-arm64-arm-64bit-Mach-O,3.14.2,3.2.6,8,Apple M2,0.0,,76.6029,13.8006,8.0,machine,0.0,0,0.0,0.0,N,1.0,0.0
2026-04-20T20:53:45,self_healing_compiler,a7ec070d-095d-4fa4-a2b8-320231eb3b14,5b0fa12a-3dd7-45bb-9766-cc326314d9f1,0.3192697078920901,2.8784822728818093e-06,9.015832701092667e-06,42.5,0.0,3.0,3.768668811891177e-06,0.0,2.659777431593587e-07,4.034646555050536e-06,0.0,India,IND,karnataka,,,macOS-26.3.1-arm64-arm-64bit-Mach-O,3.14.2,3.2.6,8,Apple M2,0.0,,76.6029,13.8006,8.0,machine,0.0,0,0.0,0.0,N,1.0,0.0
2026-04-20T20:53:45,self_healing_compiler,3d8ab3e7-c1a2-42a5-88d1-1375191ca258,5b0fa12a-3dd7-45bb-9766-cc326314d9f1,0.3108553341589868,2.802276122955305e-06,9.014727479381396e-06,42.5,0.0,3.0,3.668964993266855e-06,0.0,2.588666325512653e-07,3.92783162581812e-06,0.0,India,IND,karnataka,,,macOS-26.3.1-arm64-arm-64bit-Mach-O,3.14.2,3.2.6,8,Apple M2,0.0,,76.6029,13.8006,8.0,machine,0.0,0,0.0,0.0,N,1.0,0.0
2026-04-20T20:53:45,self_healing_compiler,d9643238-3ea0-4674-86a3-7229d5f9d007,5b0fa12a-3dd7-45bb-9766-cc326314d9f1,5.670608666026965,5.113046617539829e-05,9.016750967444586e-06,42.5,0.0,3.0,6.694268460980514e-05,0.0,4.724721910703617e-06,7.166740652050876e-05,0.0,India,IND,karnataka,,,macOS-26.3.1-arm64-arm-64bit-Mach-O,3.14.2,3.2.6,8,Apple M2,0.0,,76.8155,15.3205,8.0,machine,4.2,0,81.42,2.8036651611328125,N,1.0,0.0
2026-04-20T20:55:39,self_healing_compiler,b1c07192-9e40-488a-abe8-7a956eb88e6f,5b0fa12a-3dd7-45bb-9766-cc326314d9f1,0.4111612502019852,3.706717754088836e-06,9.015240984572088e-06,42.5,0.0,3.0,4.853053348779213e-06,0.0,3.424957633251325e-07,5.195549112104345e-06,0.0,India,IND,karnataka,,,macOS-26.3.1-arm64-arm-64bit-Mach-O,3.14.2,3.2.6,8,Apple M2,0.0,,76.6029,13.8006,8.0,machine,0.0,0,0.0,0.0,N,1.0,0.0
2026-04-20T20:55:39,self_healing_compiler,a5f4e14f-07de-48fa-9f4d-7eb384eb5dc6,5b0fa12a-3dd7-45bb-9766-cc326314d9f1,1.602231707889587,1.4445848213008167e-05,9.01607934849562e-06,42.5,0.0,3.0,1.891358856519219e-05,0.0,1.3345443750343597e-06,2.024813294022655e-05,0.0,India,IND,karnataka,,,macOS-26.3.1-arm64-arm-64bit-Mach-O,3.14.2,3.2.6,8,Apple M2,0.0,,76.6029,13.8006,8.0,machine,13.6,0,81.0,2.86407470703125,N,1.0,0.0
2026-04-20T20:56:22,self_healing_compiler,6c71d659-730d-46f0-af5e-33978b40557a,5b0fa12a-3dd7-45bb-9766-cc326314d9f1,0.3216487909667194,2.8996467258311584e-06,9.014946759526858e-06,42.5,0.0,3.0,3.7964162814508505e-06,0.0,2.67895589931868e-07,4.064311871382719e-06,0.0,India,IND,karnataka,,,macOS-26.3.1-arm64-arm-64bit-Mach-O,3.14.2,3.2.6,8,Apple M2,0.0,,76.6029,13.8006,8.0,machine,0.0,0,0.0,0.0,N,1.0,0.0
2026-04-20T20:56:22,self_healing_compiler,3d6d8abd-3280-4b20-b741-a41b9050eaac,5b0fa12a-3dd7-45bb-9766-cc326314d9f1,0.2890460421331227,2.6057723369718476e-06,9.015077036660258e-06,42.5,0.0,3.0,3.411658482380315e-06,0.0,2.407421183306724e-07,3.652400600710987e-06,0.0,India,IND,karnataka,,,macOS-26.3.1-arm64-arm-64bit-Mach-O,3.14.2,3.2.6,8,Apple M2,0.0,,76.6029,13.8006,8.0,machine,0.0,0,0.0,0.0,N,1.0,0.0
2026-04-20T20:56:22,self_healing_compiler,c74e4adb-c4e8-4094-9b44-76684a1ed85d,5b0fa12a-3dd7-45bb-9766-cc326314d9f1,0.2767766250763088,2.495221327353132e-06,9.015289230675408e-06,42.5,0.0,3.0,3.266939583732488e-06,0.0,2.3050635412801058e-07,3.4974459378604985e-06,0.0,India,IND,karnataka,,,macOS-26.3.1-arm64-arm-64bit-Mach-O,3.14.2,3.2.6,8,Apple M2,0.0,,76.6029,13.8006,8.0,machine,0.0,0,0.0,0.0,N,1.0,0.0
2026-04-20T20:56:23,self_healing_compiler,0146caff-0e57-4a36-970a-9566eb20147d,5b0fa12a-3dd7-45bb-9766-cc326314d9f1,0.2793618331197649,2.5186009561256057e-06,9.01555136576534e-06,42.5,0.0,3.0,3.2975420404303196e-06,0.0,2.3267413179079693e-07,3.530216172221117e-06,0.0,India,IND,karnataka,,,macOS-26.3.1-arm64-arm-64bit-Mach-O,3.14.2,3.2.6,8,Apple M2,0.0,,76.6029,13.8006,8.0,machine,0.0,0,0.0,0.0,N,1.0,0.0
2026-04-20T20:56:23,self_healing_compiler,d8efb434-d1d5-4298-bbc2-058fae76214e,5b0fa12a-3dd7-45bb-9766-cc326314d9f1,0.2907157919835299,2.620954527649892e-06,9.015521687925292e-06,42.5,0.0,3.0,3.431509027884911e-06,0.0,2.421718057788288e-07,3.673680833663739e-06,0.0,India,IND,karnataka,,,macOS-26.3.1-arm64-arm-64bit-Mach-O,3.14.2,3.2.6,8,Apple M2,0.0,,76.6029,13.8006,8.0,machine,0.0,0,0.0,0.0,N,1.0,0.0
2026-04-20T20:56:24,self_healing_compiler,e7008b42-17bf-4319-aaab-ed7de4586faa,5b0fa12a-3dd7-45bb-9766-cc326314d9f1,0.2741203329060226,2.4713322548005146e-06,9.01550143545086e-06,42.5,0.0,3.0,3.2356587903147257e-06,0.0,2.283028474388023e-07,3.463961637753528e-06,0.0,India,IND,karnataka,,,macOS-26.3.1-arm64-arm-64bit-Mach-O,3.14.2,3.2.6,8,Apple M2,0.0,,76.6029,13.8006,8.0,machine,0.0,0,0.0,0.0,N,1.0,0.0
2026-04-20T20:56:24,self_healing_compiler,10e02e6a-e6e2-4cfd-b8f9-4953962cdcf5,5b0fa12a-3dd7-45bb-9766-cc326314d9f1,0.3957295001018792,3.567953233705868e-06,9.016141664412964e-06,42.5,0.0,3.0,4.671344704951885e-06,0.0,3.2970406250872964e-07,5.0010487674606144e-06,0.0,India,IND,karnataka,,,macOS-26.3.1-arm64-arm-64bit-Mach-O,3.14.2,3.2.6,8,Apple M2,0.0,,76.6029,13.8006,8.0,machine,0.0,0,0.0,0.0,N,1.0,0.0
2026-04-20T20:56:25,self_healing_compiler,65d9d235-d30d-4bf8-9c4f-a22e572f780a,5b0fa12a-3dd7-45bb-9766-cc326314d9f1,0.2969034998677671,2.676682883365425e-06,9.015329507929506e-06,42.5,0.0,3.0,3.5045170386890984e-06,0.0,2.4727586831431833e-07,3.751792907003417e-06,0.0,India,IND,karnataka,,,macOS-26.3.1-arm64-arm-64bit-Mach-O,3.14.2,3.2.6,8,Apple M2,0.0,,76.6029,13.8006,8.0,machine,0.0,0,0.0,0.0,N,1.0,0.0
2026-04-20T20:56:25,self_healing_compiler,6d162c96-a4ab-4606-9d12-fafde2ab4fdf,5b0fa12a-3dd7-45bb-9766-cc326314d9f1,0.3005392081104219,2.709568071684878e-06,9.015689129949888e-06,42.5,0.0,3.0,3.5475153269039263e-06,0.0,2.503713542440285e-07,3.7978866811479546e-06,0.0,India,IND,karnataka,,,macOS-26.3.1-arm64-arm-64bit-Mach-O,3.14.2,3.2.6,8,Apple M2,0.0,,76.6029,13.8006,8.0,machine,0.0,0,0.0,0.0,N,1.0,0.0
2026-04-20T20:56:25,self_healing_compiler,8a4072e9-b0ef-45c4-93c9-33bab3c58bd8,5b0fa12a-3dd7-45bb-9766-cc326314d9f1,6.093305957969278,5.494054645467684e-05,9.016541567688969e-06,42.5,0.0,3.0,7.193138870320077e-05,0.0,5.076445798428419e-06,7.70078345016292e-05,0.0,India,IND,karnataka,,,macOS-26.3.1-arm64-arm-64bit-Mach-O,3.14.2,3.2.6,8,Apple M2,0.0,,76.6029,13.8006,8.0,machine,5.283333333333333,0,81.71666666666667,2.751897176106771,N,1.0,0.0
2026-04-20T20:59:19,self_healing_compiler,f19ced71-4e4b-4bd5-8123-1d2feff99611,5b0fa12a-3dd7-45bb-9766-cc326314d9f1,0.3179561248980462,2.866030829454571e-06,9.013919232955725e-06,42.5,0.0,3.0,3.7524204230673306e-06,0.0,2.647734716689835e-07,4.017193894736314e-06,0.0,India,IND,karnataka,,,macOS-26.3.1-arm64-arm-64bit-Mach-O,3.14.2,3.2.6,8,Apple M2,0.0,,76.6029,13.8006,8.0,machine,0.0,0,0.0,0.0,N,1.0,0.0
2026-04-20T20:59:19,self_healing_compiler,5ed618e6-b81c-4663-bd94-1f6842732b14,5b0fa12a-3dd7-45bb-9766-cc326314d9f1,0.3093943339772522,2.7892726116147807e-06,9.015267266723307e-06,42.5,0.0,3.0,3.651917272913529e-06,0.0,2.576878824038432e-07,3.909605155317371e-06,0.0,India,IND,karnataka,,,macOS-26.3.1-arm64-arm-64bit-Mach-O,3.14.2,3.2.6,8,Apple M2,0.0,,76.6029,13.8006,8.0,machine,0.0,0,0.0,0.0,N,1.0,0.0
2026-04-20T20:59:20,self_healing_compiler,ed66797f-1b6c-4ddc-94af-efdd59941fc2,5b0fa12a-3dd7-45bb-9766-cc326314d9f1,0.2973766250070184,2.681094500606023e-06,9.01582126887998e-06,42.5,0.0,3.0,3.510257490496669e-06,0.0,2.4771899334155026e-07,3.7579764838382193e-06,0.0,India,IND,karnataka,,,macOS-26.3.1-arm64-arm-64bit-Mach-O,3.14.2,3.2.6,8,Apple M2,0.0,,76.6029,13.8006,8.0,machine,0.0,0,0.0,0.0,N,1.0,0.0
2026-04-20T20:59:20,self_healing_compiler,bf5acf2c-1e6f-428d-a508-15d1b4cc96e4,5b0fa12a-3dd7-45bb-9766-cc326314d9f1,0.2878615830559283,2.59522626642077e-06,9.015535309956751e-06,42.5,0.0,3.0,3.397867127366934e-06,0.0,2.3975149340306717e-07,3.6376186207700007e-06,0.0,India,IND,karnataka,,,macOS-26.3.1-arm64-arm-64bit-Mach-O,3.14.2,3.2.6,8,Apple M2,0.0,,76.6029,13.8006,8.0,machine,0.0,0,0.0,0.0,N,1.0,0.0
2026-04-20T20:59:20,self_healing_compiler,b3a55db7-dd0c-461c-9849-a13dec8a3296,5b0fa12a-3dd7-45bb-9766-cc326314d9f1,0.2989437079522758,2.695232813880532e-06,9.01585396241491e-06,42.5,0.0,3.0,3.528744009802015e-06,0.0,2.490495482925326e-07,3.777793558094548e-06,0.0,India,IND,karnataka,,,macOS-26.3.1-arm64-arm-64bit-Mach-O,3.14.2,3.2.6,8,Apple M2,0.0,,76.6029,13.8006,8.0,machine,0.0,0,0.0,0.0,N,1.0,0.0
2026-04-20T20:59:21,self_healing_compiler,1106ae38-fb00-4d8e-8a79-b0a67cd92bec,5b0fa12a-3dd7-45bb-9766-cc326314d9f1,0.3006285419687629,2.710335984367728e-06,9.015564412541204e-06,42.5,0.0,3.0,3.5485675108955348e-06,0.0,2.503955209006866e-07,3.7989630317962218e-06,0.0,India,IND,karnataka,,,macOS-26.3.1-arm64-arm-64bit-Mach-O,3.14.2,3.2.6,8,Apple M2,0.0,,76.6029,13.8006,8.0,machine,0.0,0,0.0,0.0,N,1.0,0.0
2026-04-20T20:59:21,self_healing_compiler,0ad4e0da-8d69-4622-b502-9f4bd6d88e1a,5b0fa12a-3dd7-45bb-9766-cc326314d9f1,0.423337624873966,3.816930759001065e-06,9.016280469134826e-06,42.5,0.0,3.0,4.9973162581510335e-06,0.0,3.527137499380236e-07,5.350030008089057e-06,0.0,India,IND,karnataka,,,macOS-26.3.1-arm64-arm-64bit-Mach-O,3.14.2,3.2.6,8,Apple M2,0.0,,76.6029,13.8006,8.0,machine,0.0,0,0.0,0.0,N,1.0,0.0
2026-04-20T20:59:22,self_healing_compiler,533ec843-54ba-4747-8834-47f649e43a4a,5b0fa12a-3dd7-45bb-9766-cc326314d9f1,0.3207360419910401,2.8916685632506436e-06,9.015726905214548e-06,42.5,0.0,3.0,3.785984114963665e-06,0.0,2.67145104201821e-07,4.053129219165486e-06,0.0,India,IND,karnataka,,,macOS-26.3.1-arm64-arm-64bit-Mach-O,3.14.2,3.2.6,8,Apple M2,0.0,,76.6029,13.8006,8.0,machine,0.0,0,0.0,0.0,N,1.0,0.0
2026-04-20T20:59:22,self_healing_compiler,9e3bc877-7a4d-47b3-9613-cff90e6ba4a3,5b0fa12a-3dd7-45bb-9766-cc326314d9f1,0.2957790840882808,2.6666473770357658e-06,9.015672576225353e-06,42.5,0.0,3.0,3.4913218756426233e-06,0.0,2.464046876411885e-07,3.7377265632838112e-06,0.0,India,IND,karnataka,,,macOS-26.3.1-arm64-arm-64bit-Mach-O,3.14.2,3.2.6,8,Apple M2,0.0,,76.6029,13.8006,8.0,machine,0.0,0,0.0,0.0,N,1.0,0.0
2026-04-20T20:59:22,self_healing_compiler,a074fdd1-e860-44f1-bc39-d8f9347e829c,5b0fa12a-3dd7-45bb-9766-cc326314d9f1,4.2318024998530746,3.815757258358936e-05,9.016860447743997e-06,42.5,0.0,3.0,4.9957721932474274e-05,0.0,3.526129687476593e-06,5.3483851619950865e-05,0.0,India,IND,karnataka,,,macOS-26.3.1-arm64-arm-64bit-Mach-O,3.14.2,3.2.6,8,Apple M2,0.0,,76.6029,13.8006,8.0,machine,0.0,0,82.125,2.8605690002441406,N,1.0,0.0
2026-04-20T21:00:04,self_healing_compiler,f89e936b-8b0c-4bba-8454-d2647b5efa62,5b0fa12a-3dd7-45bb-9766-cc326314d9f1,0.3243013329338282,2.9236586183578546e-06,9.015253165655072e-06,42.5,0.0,3.0,3.827871204703116e-06,0.0,2.700971183367074e-07,4.097968323039823e-06,0.0,India,IND,karnataka,,,macOS-26.3.1-arm64-arm-64bit-Mach-O,3.14.2,3.2.6,8,Apple M2,0.0,,76.6029,13.8006,8.0,machine,0.0,0,0.0,0.0,N,1.0,0.0
2026-04-20T21:00:05,self_healing_compiler,b8a5be57-9cfa-4106-9903-f9f8dbbea638,5b0fa12a-3dd7-45bb-9766-cc326314d9f1,0.2984427080955356,2.6905721933607775e-06,9.015372533409288e-06,42.5,0.0,3.0,3.5227118664705715e-06,0.0,2.485490974504501e-07,3.7712609639210214e-06,0.0,India,IND,karnataka,,,macOS-26.3.1-arm64-arm-64bit-Mach-O,3.14.2,3.2.6,8,Apple M2,0.0,,76.6029,13.8006,8.0,machine,0.0,0,0.0,0.0,N,1.0,0.0
2026-04-20T21:00:05,self_healing_compiler,de3cda69-7826-4664-b18a-65d87cded6ec,5b0fa12a-3dd7-45bb-9766-cc326314d9f1,0.2834327919408679,2.5553171154486037e-06,9.015601539788364e-06,42.5,0.0,3.0,3.3456231276634046e-06,0.0,2.3605652832581354e-07,3.581679655989218e-06,0.0,India,IND,karnataka,,,macOS-26.3.1-arm64-arm-64bit-Mach-O,3.14.2,3.2.6,8,Apple M2,0.0,,76.6029,13.8006,8.0,machine,0.0,0,0.0,0.0,N,1.0,0.0
2026-04-20T21:00:06,self_healing_compiler,0ffa1a0e-0a6f-4528-a1b4-363594e6d0b9,5b0fa12a-3dd7-45bb-9766-cc326314d9f1,0.273551374906674,2.4661392801816095e-06,9.015269183066502e-06,42.5,0.0,3.0,3.228882899566088e-06,0.0,2.277999658448001e-07,3.4566828654108883e-06,0.0,India,IND,karnataka,,,macOS-26.3.1-arm64-arm-64bit-Mach-O,3.14.2,3.2.6,8,Apple M2,0.0,,76.6029,13.8006,8.0,machine,0.0,0,0.0,0.0,N,1.0,0.0
2026-04-20T21:00:06,self_healing_compiler,b16660a6-efd4-4b6b-bdd5-a81901e74b85,5b0fa12a-3dd7-45bb-9766-cc326314d9f1,0.2794870829675346,2.5197476568390898e-06,9.01561399577019e-06,42.5,0.0,3.0,3.2989990439899788e-06,0.0,2.328244100014369e-07,3.5318234539914157e-06,0.0,India,IND,karnataka,,,macOS-26.3.1-arm64-arm-64bit-Mach-O,3.14.2,3.2.6,8,Apple M2,0.0,,76.6029,13.8006,8.0,machine,0.0,0,0.0,0.0,N,1.0,0.0
2026-04-20T21:00:07,self_healing_compiler,5506a277-d4a8-4fdc-9291-df12f5ce3555,5b0fa12a-3dd7-45bb-9766-cc326314d9f1,0.2838158330414444,2.5587788617044483e-06,9.015631137572232e-06,42.5,0.0,3.0,3.3501333322621784e-06,0.0,2.363985066767782e-07,3.5865318389389567e-06,0.0,India,IND,karnataka,,,macOS-26.3.1-arm64-arm-64bit-Mach-O,3.14.2,3.2.6,8,Apple M2,0.0,,76.6029,13.8006,8.0,machine,0.0,0,0.0,0.0,N,1.0,0.0
2026-04-20T21:00:07,self_healing_compiler,fd033c98-4dda-43e6-8f5b-6b5a3af7e6a6,5b0fa12a-3dd7-45bb-9766-cc326314d9f1,0.3276519170030951,2.95408990211265e-06,9.015939626212364e-06,42.5,0.0,3.0,3.867649542290666e-06,0.0,2.729730209102855e-07,4.140622563200951e-06,0.0,India,IND,karnataka,,,macOS-26.3.1-arm64-arm-64bit-Mach-O,3.14.2,3.2.6,8,Apple M2,0.0,,76.6029,13.8006,8.0,machine,0.0,0,0.0,0.0,N,1.0,0.0
2026-04-20T21:00:07,self_healing_compiler,6516cc50-73d0-42c2-83fd-980610637012,5b0fa12a-3dd7-45bb-9766-cc326314d9f1,0.3039344588760286,2.7401735914291383e-06,9.01567266035742e-06,42.5,0.0,3.0,3.587628161444122e-06,0.0,2.5315697906383624e-07,3.8407851405079585e-06,0.0,India,IND,karnataka,,,macOS-26.3.1-arm64-arm-64bit-Mach-O,3.14.2,3.2.6,8,Apple M2,0.0,,76.6029,13.8006,8.0,machine,0.0,0,0.0,0.0,N,1.0,0.0
2026-04-20T21:00:08,self_healing_compiler,f9d4b626-1f28-407d-b47e-f7b7d1d0f961,5b0fa12a-3dd7-45bb-9766-cc326314d9f1,0.2926962501369416,2.6387618621255764e-06,9.015359304709226e-06,42.5,0.0,3.0,3.454874195126144e-06,0.0,2.437664242461324e-07,3.6986406193722766e-06,0.0,India,IND,karnataka,,,macOS-26.3.1-arm64-arm-64bit-Mach-O,3.14.2,3.2.6,8,Apple M2,0.0,,76.6029,13.8006,8.0,machine,0.0,0,0.0,0.0,N,1.0,0.0
2026-04-20T21:00:08,self_healing_compiler,f4039e67-72c4-4aef-9044-92df54dccf7f,5b0fa12a-3dd7-45bb-9766-cc326314d9f1,6.006974791875109,5.416284944210715e-05,9.01666001917746e-06,42.5,0.0,3.0,7.091297016320621e-05,0.0,5.004799410041112e-06,7.591776957324733e-05,0.0,India,IND,karnataka,,,macOS-26.3.1-arm64-arm-64bit-Mach-O,3.14.2,3.2.6,8,Apple M2,0.0,,76.6029,13.8006,8.0,machine,11.16,0,82.0,2.8889862060546876,N,1.0,0.0
2026-04-20T22:29:23,self_healing_compiler,315aa7e0-51b2-4418-a321-8b3318d2284e,5b0fa12a-3dd7-45bb-9766-cc326314d9f1,0.3331444580107927,3.0033921164749154e-06,9.01528464380943e-06,42.5,0.0,3.0,3.932202803359057e-06,0.0,2.775245833133037e-07,4.20972738667236e-06,0.0,India,IND,telangana,,,macOS-26.3.1-arm64-arm-64bit-Mach-O,3.14.2,3.2.6,8,Apple M2,0.0,,79.5782,17.9958,8.0,machine,0.0,0,0.0,0.0,N,1.0,0.0
2026-04-20T22:29:24,self_healing_compiler,c41c3fca-723b-4e35-9584-247a427e3c11,5b0fa12a-3dd7-45bb-9766-cc326314d9f1,0.3087839160580188,2.7837124587347983e-06,9.015082437816331e-06,42.5,0.0,3.0,3.6446194681856367e-06,0.0,2.5719225658879925e-07,3.901811724774436e-06,0.0,India,IND,telangana,,,macOS-26.3.1-arm64-arm-64bit-Mach-O,3.14.2,3.2.6,8,Apple M2,0.0,,79.5782,17.9958,8.0,machine,0.0,0,0.0,0.0,N,1.0,0.0
2026-04-20T22:29:25,self_healing_compiler,8e0c1aa6-1b62-4216-a79e-4471f7944068,5b0fa12a-3dd7-45bb-9766-cc326314d9f1,0.3242575828917324,2.9234124621738488e-06,9.0157103994387e-06,42.5,0.0,3.0,3.827526386400375e-06,0.0,2.700969099532813e-07,4.097623296353656e-06,0.0,India,IND,telangana,,,macOS-26.3.1-arm64-arm-64bit-Mach-O,3.14.2,3.2.6,8,Apple M2,0.0,,79.5782,17.9958,8.0,machine,0.0,0,0.0,0.0,N,1.0,0.0
2026-04-20T22:29:25,self_healing_compiler,7c24d271-558e-41d8-a4e2-126a32bf8852,5b0fa12a-3dd7-45bb-9766-cc326314d9f1,0.3137575830332935,2.8287516627293925e-06,9.01572365321678e-06,42.5,0.0,3.0,3.703617239888344e-06,0.0,2.6132402747559053e-07,3.964941267363934e-06,0.0,India,IND,telangana,,,macOS-26.3.1-arm64-arm-64bit-Mach-O,3.14.2,3.2.6,8,Apple M2,0.0,,79.5782,17.9958,8.0,machine,0.0,0,0.0,0.0,N,1.0,0.0
2026-04-20T22:29:26,self_healing_compiler,7259332f-d1f5-4336-8c65-33e85f274527,5b0fa12a-3dd7-45bb-9766-cc326314d9f1,0.2917549160774797,2.630390732424105e-06,9.0157546196259e-06,42.5,0.0,3.0,3.4438792800453184e-06,0.0,2.430278817579771e-07,3.6869071618032954e-06,0.0,India,IND,telangana,,,macOS-26.3.1-arm64-arm-64bit-Mach-O,3.14.2,3.2.6,8,Apple M2,0.0,,79.5782,17.9958,8.0,machine,0.0,0,0.0,0.0,N,1.0,0.0
2026-04-20T22:29:26,self_healing_compiler,6dceaa6c-82e7-4b21-aba3-680c81fa4a21,5b0fa12a-3dd7-45bb-9766-cc326314d9f1,0.2987855828832835,2.69374307133126e-06,9.01563939376397e-06,42.5,0.0,3.0,3.526795102516189e-06,0.0,2.489103466117134e-07,3.7757054491279023e-06,0.0,India,IND,telangana,,,macOS-26.3.1-arm64-arm-64bit-Mach-O,3.14.2,3.2.6,8,Apple M2,0.0,,79.5782,17.9958,8.0,machine,0.0,0,0.0,0.0,N,1.0,0.0
2026-04-20T22:29:27,self_healing_compiler,a21dccfb-dc0a-41e1-b880-7b1e29f3dec1,5b0fa12a-3dd7-45bb-9766-cc326314d9f1,0.4533541249111295,4.087479994751212e-06,9.0160864766643e-06,42.5,0.0,3.0,5.351583269010816e-06,0.0,3.776641316168631e-07,5.729247400627679e-06,0.0,India,IND,telangana,,,macOS-26.3.1-arm64-arm-64bit-Mach-O,3.14.2,3.2.6,8,Apple M2,0.0,,79.5782,17.9958,8.0,machine,0.0,0,0.0,0.0,N,1.0,0.0
2026-04-20T22:29:28,self_healing_compiler,78d488c1-0278-4c51-919c-36279a82c4e9,5b0fa12a-3dd7-45bb-9766-cc326314d9f1,0.320441790856421,2.888873506592705e-06,9.015283240278451e-06,42.5,0.0,3.0,3.7822983127423664e-06,0.0,2.669131940153117e-07,4.049211506757679e-06,0.0,India,IND,telangana,,,macOS-26.3.1-arm64-arm-64bit-Mach-O,3.14.2,3.2.6,8,Apple M2,0.0,,79.5782,17.9958,8.0,machine,0.0,0,0.0,0.0,N,1.0,0.0
2026-04-20T22:29:28,self_healing_compiler,251f1fd6-7fb4-4866-8d4a-36110d8d1679,5b0fa12a-3dd7-45bb-9766-cc326314d9f1,0.2980036248918623,2.6867117353605514e-06,9.015701524890808e-06,42.5,0.0,3.0,3.517597111123097e-06,0.0,2.4825281250135356e-07,3.7658499236244504e-06,0.0,India,IND,telangana,,,macOS-26.3.1-arm64-arm-64bit-Mach-O,3.14.2,3.2.6,8,Apple M2,0.0,,79.5782,17.9958,8.0,machine,0.0,0,0.0,0.0,N,1.0,0.0
2026-04-20T22:29:28,self_healing_compiler,5cff6830-1cfc-41a4-bd77-b5c3e19f2729,5b0fa12a-3dd7-45bb-9766-cc326314d9f1,6.159597541904077,5.553968691240062e-05,9.016772043069553e-06,42.5,0.0,3.0,7.271543795795881e-05,0.0,5.1321863198730485e-06,7.784762427783184e-05,0.0,India,IND,maharashtra,,,macOS-26.3.1-arm64-arm-64bit-Mach-O,3.14.2,3.2.6,8,Apple M2,0.0,,72.8338,18.9808,8.0,machine,4.316666666666666,0,82.26666666666667,3.12646484375,N,1.0,0.0
